lon,lat,sex,education,age,sex_divining_ability,sex_random_guess,boy_number,abcd_random_guess,abcd_guessing_ability,TF_random_guess,coin_head,random ID,sex_divining_ability_reordered
120.5137939,31.84680176,1,6,4,1,50,50,25,3,50,50,51539,5
80.19210815,13.0579071,0,5,4,4,65,70,60,5,60,60,85898,2
-88.75730133,44.39289856,0,5,8,1,50,50,20,2,40,50,49502,5
80.19210815,13.0579071,0,5,4,3,75,75,75,3,15,85,36104,3
-73.87239838,40.76229858,1,4,3,3,5,,10,4,5,15,47385,3
-49.25639343,-16.6802063,1,4,3,1,50,50,30,1,30,50,24803,5
80.19210815,13.0579071,1,5,4,4,80,75,75,4,80,60,17407,2
-97.8219986,37.75100708,0,5,8,4,20,35,85,4,70,75,53521,2
11.11610413,46.07209778,1,5,8,3,35,40,70,2,40,50,69896,3
-76.93520355,38.94889832,0,4,9,4,25,45,35,2,35,50,27239,2
12.10969543,43.14790344,1,5,10,2,40,40,30,3,30,40,97137,4
12.51260376,41.897995,0,3,7,3,40,45,40,2,45,50,54307,3
-75.05339813,42.46170044,0,3,6,2,45,50,40,3,30,35,11018,4
-51.938797,-23.42619324,1,4,4,3,40,70,35,4,35,55,64290,3
8.629501343,50.10490417,1,6,4,4,50,30,35,4,60,65,38815,2
0.536193848,50.854599,0,4,4,3,30,45,25,2,45,60,90931,3
-79.89499664,39.83940125,1,4,9,1,50,50,25,1,50,50,38704,5
76.97009277,11.01019287,0,5,5,3,30,35,10,2,30,20,98630,3
-34.86309814,-7.115005493,1,4,5,2,60,40,30,3,35,50,91355,4
-79.62960052,43.57519531,1,4,6,2,40,45,20,2,40,55,55332,4
-76.69799805,39.12690735,0,4,7,2,50,50,25,2,50,50,72550,4
9.138198853,45.53450012,1,3,11,2,5,40,10,3,5,50,71820,4
80.19210815,13.0579071,0,4,5,4,75,60,20,4,35,30,78358,2
-80.03780365,40.32139587,0,3,4,1,50,50,25,3,50,50,38839,5
-0.580596924,44.84120178,0,4,10,2,60,60,40,3,60,60,90129,4
-76.18340302,43.11149597,0,3,6,3,25,45,10,4,20,40,13113,3
-82.27590179,27.80439758,1,3,6,3,5,40,45,3,40,45,59992,3
-115.1364975,36.10079956,1,5,10,4,50,55,50,3,50,50,38398,2
9.219894409,45.50500488,1,4,10,4,40,45,40,2,45,50,62114,2
-81.73809814,41.03900146,0,4,7,3,50,35,60,2,50,40,26598,3
77.23098755,28.68580627,1,5,4,4,70,25,60,3,20,70,72221,2
-73.57029724,45.49940491,1,5,4,1,50,50,5,2,20,50,44805,5
-96.87039948,32.81370544,0,4,4,4,55,65,60,3,70,65,46916,2
-48.5579071,-21.25010681,1,5,4,3,55,55,60,2,50,50,42316,3
80.19210815,13.0579071,0,5,4,4,40,60,30,3,55,35,67642,2
-87.63829803,41.90319824,0,4,4,1,50,50,25,1,50,50,25379,5
-38.52870178,-3.716995239,0,6,4,3,50,50,25,3,50,50,93272,3
77.23098755,28.68580627,1,5,9,5,30,50,20,4,40,50,19598,1
-97.8219986,37.75100708,1,4,7,2,40,35,45,3,25,20,23910,4
76.97009277,11.01019287,1,4,4,3,20,25,75,3,40,25,32684,3
-74.05999756,40.78759766,1,5,3,5,25,35,60,5,55,50,77516,1
76.03921509,10.813797,0,4,6,2,40,65,25,3,40,70,13415,4
24.7322998,59.43299866,1,4,8,2,50,50,25,4,50,50,41635,4
-84.53250122,38.00120544,0,4,6,3,50,50,50,2,25,50,43904,3
-84.59529877,34.07470703,1,4,6,3,30,30,35,4,55,40,56480,3
76.9414978,8.477493286,0,1,6,5,10,0,0,5,0,0,52605,1
11.33169556,45.51750183,1,4,3,2,20,50,50,2,25,50,35404,4
-99.42500305,35.41229248,1,4,10,3,50,50,25,3,50,50,28907,3
-81.30490112,43.01469421,0,4,10,1,50,50,25,3,50,50,79985,5
27.6000061,47.16670227,0,5,5,1,50,50,25,3,25,50,20681,5
-71.18360138,42.39349365,1,4,4,1,50,50,40,2,40,50,54546,5
-73.99040222,40.73590088,1,5,4,4,45,65,40,2,35,35,74468,2
78.47439575,17.37530518,1,5,4,3,80,65,80,3,55,75,33765,3
-80.10939789,40.76089478,0,4,6,2,50,50,25,2,50,50,37177,4
80.19210815,13.0579071,1,3,5,4,30,25,55,3,35,75,18069,2
80.91149902,26.87559509,1,4,3,3,50,50,50,2,50,50,12685,3
-118.4008026,33.88989258,1,4,12,2,50,50,25,2,50,50,79032,4
-86.27529907,43.94769287,0,4,9,3,50,50,40,1,40,45,76200,3
22.94549561,40.6381073,1,4,4,2,50,50,25,2,50,50,31693,4
-77.09999847,38.85740662,1,5,6,1,50,55,15,3,50,50,28382,5
-0.578903198,53.05830383,0,4,8,4,50,50,25,3,30,50,15960,2
-40.30830383,-20.13020325,0,5,3,5,60,40,40,2,35,45,94279,1
-88.30310059,36.60890198,1,4,6,1,50,50,25,3,50,50,66523,5
-82.10870361,41.37219238,0,3,9,3,40,55,60,2,40,45,72925,3
-78.65859985,33.83410645,0,4,7,2,70,45,55,2,25,55,90019,4
80.19210815,13.0579071,1,5,3,5,90,90,80,4,80,90,74561,1
-97.8219986,37.75100708,1,4,3,3,10,20,65,3,70,65,61235,3
-78.77940369,35.76069641,1,5,12,2,50,50,25,2,25,50,56316,4
13.5124054,38.0789032,0,5,6,3,40,40,30,2,60,55,66138,3
79.13250732,12.918396,1,6,7,3,30,50,25,2,40,55,45509,3
-114.2002029,51.13909912,1,4,5,2,50,50,25,2,50,50,11203,4
80.19210815,13.0579071,1,4,7,3,50,45,30,2,50,50,35892,3
-86.86530304,36.10929871,1,4,4,1,25,45,25,3,50,50,12706,5
9.219894409,45.50500488,0,4,4,3,50,50,50,2,25,50,23742,3
-97.05239868,30.4190979,1,5,6,3,25,60,55,3,70,45,59868,3
-118.2440033,34.05439758,0,6,10,4,85,55,65,3,60,55,66788,2
80.19210815,13.0579071,0,5,6,3,40,65,35,1,40,65,31350,3
-77.0522995,38.80780029,1,5,12,1,50,50,25,3,25,50,57459,5
-89.14769745,30.59609985,0,4,9,3,50,40,25,3,50,50,52810,3
-72.62460327,43.72839355,0,5,12,3,50,45,35,3,50,50,44384,3
80.19210815,13.0579071,1,5,6,3,40,60,30,5,40,40,45581,3
-44.08070374,-19.88290405,1,4,4,1,40,40,40,1,40,50,43814,5
-122.580101,47.53289795,1,4,8,1,0,45,0,1,0,0,75387,5
9.219894409,45.50500488,1,2,9,3,50,50,60,1,40,55,41682,3
-117.1685944,32.7993927,0,4,5,4,50,50,5,1,25,50,16144,2
-84.35780334,41.27789307,1,3,6,3,40,50,50,2,40,50,77113,3
80.19210815,13.0579071,0,5,5,4,50,50,30,2,20,50,74871,2
80.19210815,13.0579071,0,5,5,3,70,65,75,3,70,70,87440,3
12.51260376,41.897995,0,4,3,4,15,40,25,3,35,35,43841,2
77.35449219,11.10670471,0,5,4,3,60,40,35,2,30,40,73363,3
77.40658569,23.248703,1,5,4,1,40,55,35,2,30,50,95753,5
79.76629639,11.75410461,1,4,4,4,20,50,25,4,50,50,71131,2
11.67590332,45.66810608,0,4,2,3,50,50,25,2,50,50,56655,3
80.19210815,13.0579071,0,5,6,3,40,50,30,4,50,50,11868,3
-47.04440308,-22.89700317,1,5,4,3,35,25,20,3,75,70,29549,3
-81.2480011,28.90249634,1,5,7,3,40,40,25,2,50,35,90180,3
80.19210815,13.0579071,0,3,6,4,20,35,20,3,25,65,46087,2
73.72860718,18.61610413,1,4,5,4,85,45,25,2,45,50,51204,2
-49.29089355,-25.50790405,0,4,5,1,50,50,40,3,40,50,64716,5
-73.86949921,40.73640442,1,4,5,2,50,50,50,3,50,50,70313,4
-84.54640198,42.69689941,1,4,7,1,50,50,25,3,50,50,84421,5
80.19210815,13.0579071,1,4,5,5,90,85,80,5,75,95,66240,1
-46.03630066,-3.013793945,0,5,4,4,35,55,,3,35,45,58126,2
-93.80210114,41.5769043,0,4,3,4,25,75,25,2,50,50,67935,2
77.35449219,11.10670471,1,4,6,2,40,50,30,4,40,50,85463,4
80.19210815,13.0579071,0,4,6,3,15,15,15,3,15,15,86647,3
-2.977493286,56.45970154,0,4,3,3,50,50,25,3,50,50,52373,3
-77.0428009,-12.04640198,1,4,4,4,90,75,80,3,100,100,61551,2
-46.53529358,-12.81939697,1,4,4,4,85,30,90,3,35,95,65576,2
80.19210815,13.0579071,0,4,8,4,25,5,10,3,10,5,20886,2
-51.11070251,-25.18099976,1,3,3,2,50,40,20,3,20,50,88161,4
-94.78739929,39.14720154,1,4,5,3,50,50,40,3,45,45,38778,3
77.2197876,28.63270569,1,5,6,4,50,50,25,3,50,50,23820,2
76.97009277,11.01019287,0,6,7,3,25,50,25,2,40,25,35074,3
75.7928009,26.92599487,1,5,6,3,30,45,45,2,35,55,65126,3
-46.73379517,-0.968093872,0,5,4,5,30,50,20,5,25,40,71319,1
-79.41950226,43.66439819,1,4,3,1,50,50,25,2,50,50,80877,5
76.71420288,30.68559265,1,4,3,3,55,50,25,2,20,50,24799,3
-49.29089355,-25.50790405,0,5,6,3,50,50,30,3,50,50,95336,3
23.09609985,42.02000427,1,4,3,1,50,50,25,2,50,50,18091,5
-93.04979706,44.97099304,0,4,6,3,45,50,20,3,50,50,10224,3
-88.05249786,42.05670166,1,4,5,2,50,50,25,3,25,35,88631,4
-74,40.71569824,0,5,7,2,40,40,25,3,50,50,45949,4
-122.6223984,49.12510681,1,3,3,1,50,70,25,3,50,50,63038,5
-1.781005859,53.64779663,1,4,7,3,50,55,15,3,45,50,96221,3
80.19210815,13.0579071,1,3,8,3,40,45,45,4,70,80,41604,3
-95.52330017,29.87379456,1,6,9,1,50,50,25,1,50,50,48581,5
-72.02760315,42.75650024,1,5,4,3,35,40,20,1,30,50,14185,3
80.19210815,13.0579071,0,5,5,3,45,60,30,2,35,55,63486,3
73.72860718,18.61610413,1,4,9,3,35,50,30,2,25,40,91908,3
72.58709717,23.02760315,1,4,4,1,20,50,20,3,20,40,65703,5
-74.36540222,40.81500244,1,4,12,1,,,50,1,50,50,51944,5
-74.48470306,40.88969421,0,4,5,3,55,65,60,3,35,35,85303,3
-94.78739929,39.14720154,0,4,9,3,10,15,30,2,35,25,94902,3
12.10969543,43.14790344,0,5,7,3,20,50,50,4,45,50,70223,3
-95.80719757,36.04319763,1,4,10,2,50,50,25,3,50,50,65412,4
22.33070374,42.20030212,1,4,5,1,50,50,25,1,50,50,61767,5
-82.71530151,27.90280151,0,4,12,1,40,45,25,3,25,50,56569,5
8.792694092,44.76210022,1,5,3,3,40,10,35,2,50,50,43332,3
-87.96320343,41.83859253,1,4,4,4,50,50,50,3,50,50,75099,2
-97.25119781,32.92750549,0,4,11,3,35,40,35,3,40,50,99185,3
-112.0747986,33.45320129,1,5,4,3,80,25,15,3,15,20,49833,3
-87.93560028,42.06480408,0,6,9,3,45,45,25,2,45,50,48158,3
-96.82170105,32.77870178,0,5,5,5,100,100,85,4,55,65,14854,1
1.973297119,41.27990723,0,4,6,3,35,65,40,2,55,60,84628,3
-119.0596008,35.34069824,1,3,12,3,25,40,10,4,20,50,70736,3
-95.8309021,29.73880005,1,4,3,2,50,50,25,3,50,50,32047,4
76.26528931,9.940597534,1,4,5,1,50,50,25,1,50,50,52604,5
-95.50189972,30.17070007,1,6,6,1,50,50,25,2,50,50,58429,5
1.445098877,43.604599,1,5,5,3,50,50,25,3,50,50,43600,3
88.36981201,22.56019592,1,4,5,5,70,40,25,3,80,70,54023,1
-85.39279938,38.40289307,1,4,4,3,5,15,10,3,25,20,99190,3
80.19210815,13.0579071,0,4,5,4,70,50,40,2,60,100,27163,2
13.3276062,38.12989807,0,5,3,3,35,45,65,2,35,60,27020,3
80.19210815,13.0579071,1,2,2,5,100,55,5,4,10,20,28249,1
-0.851303101,38.4243927,1,3,3,3,70,65,30,3,50,50,27772,3
80.19210815,13.0579071,1,4,9,2,40,50,25,2,40,50,12656,4
3.390304565,6.447402954,1,4,5,3,10,35,25,3,45,50,77427,3
79.70010376,12.83520508,1,5,7,3,0,20,,2,0,20,66810,3
-88.27829742,43.01400757,1,6,6,2,45,70,60,2,35,45,35735,4
80.19210815,13.0579071,1,4,5,3,50,50,25,2,50,50,97880,3
-82.90920258,40.03210449,1,5,7,1,50,50,25,1,50,50,56973,5
-81.16239929,43.022995,0,4,5,2,5,20,20,2,85,35,92018,4
76.9414978,8.477493286,0,5,7,5,25,40,30,2,35,45,62232,1
-3.694000244,40.41529846,0,4,7,1,40,45,15,4,40,45,21565,5
73.07409668,19.21850586,1,4,8,4,80,50,75,2,55,80,12186,2
7.663894653,45.09140015,1,5,3,2,45,50,25,3,40,50,95112,4
77.58551025,12.96339417,1,4,8,3,45,40,35,3,40,40,51295,3
77.35449219,11.10670471,0,5,5,4,45,50,60,2,25,60,67656,2
-88.29180145,39.80039978,1,4,4,4,95,55,75,2,65,35,38555,2
-63.50939941,44.67469788,1,4,7,2,50,45,25,2,50,50,56909,4
76.26528931,9.940597534,1,4,7,2,20,60,15,2,15,40,43282,4
-111.8998032,40.34950256,1,6,5,2,50,50,25,3,50,50,96768,4
73.72860718,18.61610413,0,5,5,2,20,10,25,2,15,30,72125,4
80.19210815,13.0579071,1,5,5,3,85,80,70,3,70,85,74017,3
10.32319641,44.79589844,0,5,7,1,50,50,25,1,50,50,30603,5
72.88560486,19.07479858,1,5,7,1,95,50,25,1,50,50,60838,5
-80.81939697,35.05619812,1,3,6,3,50,45,30,5,15,25,99926,3
-3.698196411,55.88659668,0,4,7,3,50,75,25,3,55,45,47005,3
58.59449768,23.61819458,1,4,4,4,85,80,65,4,65,70,41761,2
-85.69210052,38.00759888,0,5,8,1,50,50,25,2,50,50,26236,5
78.47439575,17.37530518,1,6,5,3,50,50,50,3,50,50,33806,3
-46.30459595,-23.5440979,1,5,6,3,50,50,25,2,25,50,68808,3
-81.82170105,30.28509521,0,4,5,4,30,40,25,2,40,50,76901,2
-97.8219986,37.75100708,1,3,8,3,35,35,25,3,50,50,28062,3
14.23849487,40.86700439,0,5,3,1,25,50,40,1,20,60,58023,5
-74.83889771,40.8565979,1,4,4,3,50,55,15,3,45,50,77022,3
-79.39299774,43.72920227,1,4,11,2,50,50,25,3,50,50,44318,4
-84.58930206,33.89830017,0,5,6,3,50,55,55,3,65,55,72489,3
-43.33070374,-22.92010498,1,5,4,1,50,50,30,1,25,45,14386,5
12.51260376,41.897995,0,4,3,2,50,50,25,2,30,45,79741,4
-99.82779694,28.68850708,1,4,7,1,50,50,25,3,50,50,97529,5
-73.96669769,40.69549561,0,4,8,3,80,75,75,3,80,80,95802,3
-80.04419708,40.39649963,0,5,3,3,70,5,30,3,65,85,51076,3
-121.8401031,37.33129883,0,5,3,3,50,50,50,2,25,50,67826,3
76.29638672,9.962799072,1,5,6,4,50,50,25,2,25,50,69664,2
-78.50170135,-0.214294434,1,4,3,2,55,45,30,2,60,55,27634,4
-96.03710175,41.15229797,0,4,11,3,50,50,45,2,50,50,58638,3
-91.88929749,39.16920471,0,3,5,3,20,55,40,2,30,50,62642,3
-97.8219986,37.75100708,0,5,5,3,40,35,60,3,55,70,12721,3
-71.7365036,41.50990295,0,4,11,1,50,55,25,1,50,50,99912,5
-49.38830566,-28.72070313,1,3,4,3,50,35,20,3,45,60,15500,3
-53.83540344,-29.77659607,1,5,4,1,50,50,25,3,50,50,88721,5
-82.24089813,27.9447937,1,4,6,5,65,65,60,4,70,65,74207,1
76.97009277,11.01019287,1,4,4,3,20,15,10,4,40,10,55241,3
8.919006348,45.59680176,0,4,3,1,15,25,15,3,35,30,29524,5
7.663894653,45.09140015,1,3,3,3,20,50,5,4,50,50,74711,3
80.19210815,13.0579071,1,4,5,3,85,25,80,3,65,85,18399,3
9.219894409,45.50500488,0,5,5,3,35,60,35,2,55,60,72274,3
-83.13189697,40.03370667,0,5,11,1,50,50,25,3,50,50,42394,5
8.949996948,44.40710449,1,3,2,3,20,60,20,2,20,50,37631,3
12.51260376,41.897995,1,6,4,1,15,80,25,3,25,25,18029,5
78.10629272,9.957702637,0,4,4,4,10,15,25,4,20,15,96462,2
-43.9571991,-19.90289307,1,4,4,4,20,55,35,1,40,40,43190,2
-39.05220032,-4.092193604,0,3,4,4,40,35,25,3,20,15,63733,2
-91.17120361,38.80560303,1,4,5,3,50,50,25,2,50,50,40133,3
-2.676803589,51.64089966,1,4,5,3,50,50,50,4,50,50,58801,3
-95.93060303,36.02839661,1,4,12,3,50,50,25,3,50,50,76671,3
-106.6659012,35.18710327,1,4,5,1,50,50,50,1,50,50,68795,5
-117.9692001,33.81599426,1,5,4,3,15,25,75,3,30,30,22289,3
-43.8999939,-16.58790588,1,3,5,3,95,30,30,2,30,35,67800,3
-121.0068054,37.67550659,1,5,5,4,90,90,75,3,70,85,33114,2
-80.08370209,36.11680603,1,3,5,1,40,5,100,2,25,40,73463,5
-73.96140289,40.75469971,0,5,3,3,50,50,20,,40,35,49641,3
-70.80770111,42.05810547,0,4,5,3,50,30,50,4,50,50,65595,3
-116.4967041,43.70129395,0,4,3,3,55,35,30,3,35,70,61243,3
-43.35949707,-22.79150391,1,4,5,4,20,60,10,2,40,50,56184,2
-46.62950134,-23.63760376,0,4,3,2,10,40,55,2,30,60,79466,4
73.72860718,18.61610413,0,4,4,1,35,60,35,3,30,45,16657,5
-97.38760376,27.73199463,0,4,5,1,50,50,25,1,50,50,55930,5
-96.79389954,32.71229553,0,2,4,3,30,80,90,4,20,65,97076,3
80.19210815,13.0579071,1,4,4,5,20,30,40,5,75,20,30120,1
-76.32800293,43.15710449,0,5,10,1,50,50,25,1,50,50,61540,5
80.19210815,13.0579071,1,1,3,3,75,60,75,5,65,100,93483,3
-46.62950134,-23.63760376,1,5,5,3,50,55,50,3,60,50,44502,3
-96.55149841,33.74220276,1,3,6,3,50,45,10,1,15,45,26480,3
-80.84300232,35.229599,0,3,7,3,50,50,50,3,50,50,67614,3
-73.53179932,40.75999451,0,3,5,2,25,60,40,3,35,45,57009,4
-97.38050079,30.3217926,1,5,4,4,90,50,35,4,30,45,16415,2
12.51260376,41.897995,0,6,7,2,50,50,40,3,50,50,97049,4
-85.4417038,35.9447937,0,3,6,3,10,15,5,3,50,50,17813,3
-80.95680237,35.2071991,0,4,5,3,5,10,10,2,20,25,15143,3
-93.2990036,37.21170044,0,4,3,3,35,35,30,2,65,70,60933,3
-51.11070251,-25.18099976,0,5,3,4,45,45,35,2,30,50,28857,2
-82.31860352,34.92739868,0,4,12,1,50,40,35,2,40,40,39746,5
-88.00340271,42.26449585,1,3,3,3,50,50,25,3,50,50,14389,3
-84.16269684,34.23190308,0,5,4,4,40,20,65,4,15,15,98490,2
-88.2365036,40.11199951,1,4,4,1,50,50,25,3,50,50,87495,5
-52.00659943,-30.20530701,1,5,6,3,20,40,20,2,20,50,95462,3
80.19210815,13.0579071,1,5,5,3,60,45,55,2,35,65,65298,3
-97.09449768,18.85020447,1,5,5,4,80,65,90,4,80,25,11858,2
-76.72789764,39.37330627,1,6,12,3,50,50,25,3,50,50,24107,3
-60.02880096,-3.10319519,1,4,7,3,35,40,30,4,30,35,99629,3
-76.99330139,39.06799316,1,4,6,1,50,50,25,1,25,50,11379,5
-3.527801514,40.42410278,1,5,5,3,15,5,15,4,10,20,90005,3
-43.33070374,-22.92010498,0,3,5,4,30,40,40,2,15,40,58531,2
-45.03630066,-23.42619324,1,5,6,4,10,50,25,4,50,50,98224,2
-76.23429871,36.73480225,0,4,11,4,55,55,20,3,20,40,56294,2
-118.3432007,33.91679382,0,4,7,1,50,50,25,1,30,40,93339,5
-79.71720123,43.56390381,0,4,8,3,15,35,40,2,50,50,39749,3
-97.8219986,37.75100708,0,4,4,3,50,50,25,2,50,50,64223,3
78.47439575,17.37530518,1,5,4,4,65,55,50,2,25,55,40118,2
-80.81939697,35.05619812,0,3,6,3,25,40,30,3,30,60,47665,3
-8.618301392,41.23460388,1,5,8,3,50,40,35,3,30,45,92253,3
-82.75520325,27.90809631,0,4,4,3,45,45,35,2,50,50,99369,3
30.29499817,59.90899658,1,4,6,2,50,50,25,3,50,50,14496,4
-88.07579803,41.94619751,1,4,5,3,50,50,30,3,50,50,50781,3
77.75750732,22.6217041,1,3,5,1,50,50,40,3,45,50,25581,5
-73.540802,40.78640747,0,4,8,1,25,25,15,2,20,15,16230,5
-76.72540283,37.2671051,1,4,7,1,50,45,30,3,50,55,91637,5
-81.62799835,32.29400635,0,4,3,3,50,20,20,2,50,55,66475,3
-1.031997681,52.90890503,1,4,2,3,50,50,25,2,25,50,24150,3
-1.031997681,52.90890503,0,4,2,2,25,5,25,5,15,50,69188,4
-85.69000244,30.84640503,1,5,5,1,30,40,25,2,50,50,13764,5
-77.55419922,39.44270325,0,5,7,1,50,50,25,3,50,50,63166,5
-0.14239502,51.44059753,0,3,4,1,30,25,5,1,35,10,23327,5
-117.3531952,34.54040527,0,5,7,2,40,60,25,2,45,45,48064,4
-80.29250336,27.1605072,0,4,9,3,20,55,20,3,25,25,50204,3
-47.04440308,-22.89700317,0,4,3,4,50,40,65,3,45,50,28891,2
-77.49780273,18.25030518,0,4,3,1,40,45,20,2,40,40,31730,5
-75.02100372,40.04170227,1,5,4,4,10,45,5,4,5,10,64390,2
-77.08589935,38.93789673,1,4,10,3,50,45,25,3,45,50,47129,3
-45.42930603,-20.46200562,0,4,8,3,35,55,55,2,60,40,83317,3
13.42449951,52.53529358,0,5,4,4,10,15,75,2,10,15,26134,2
-118.2946014,34.04469299,1,4,5,3,10,60,65,3,50,50,11911,3
-118.2946014,34.04469299,1,4,5,3,50,50,50,3,50,50,58932,3
-79.37110138,43.64030457,1,4,5,2,50,40,50,2,25,50,92680,4
-105.0618973,39.74349976,0,4,10,1,50,50,25,1,50,50,55800,5
-43.31750488,-22.78860474,1,3,3,3,40,70,55,4,45,60,67626,3
-122.4805984,37.68110657,0,4,7,4,30,60,40,1,25,40,80030,2
-73.51180267,40.72790527,1,4,6,3,35,50,40,4,40,40,29792,3
-71.4641037,41.59210205,0,4,10,1,50,50,25,1,50,50,56024,5
79.13250732,12.918396,0,4,3,4,55,15,10,3,10,5,89534,2
-39.60380554,-13.04750061,1,4,3,1,50,50,25,2,50,50,65881,5
-77.0923996,38.75909424,0,4,7,2,50,45,20,3,50,50,73289,4
1.204101563,49.39239502,1,5,6,5,40,25,5,4,30,75,84054,1
-81.98100281,35.04600525,0,6,5,1,50,50,25,3,50,50,41698,5
80.19210815,13.0579071,1,4,5,5,40,20,10,5,15,15,50803,1
-35.70899963,-9.649703979,1,4,5,3,50,50,25,3,50,50,66343,3
-97.8219986,37.75100708,1,4,5,3,40,40,20,3,30,35,13326,3
-104.7863007,39.62530518,0,5,9,1,50,55,25,1,50,50,92010,5
-117.9617004,34.00320435,0,3,4,4,80,65,90,3,85,35,92926,2
-73.62419891,45.53649902,1,4,7,2,50,45,25,2,25,50,73225,4
-97.8219986,37.75100708,0,6,5,3,50,40,45,1,25,50,28098,3
-90.51999664,36.05569458,0,4,4,1,50,55,25,3,50,50,90217,5
-87.63760376,41.87770081,0,5,8,4,30,55,35,2,25,75,13308,2
3.390304565,6.447402954,1,5,4,3,30,35,35,3,35,35,71520,3
-118.2440033,34.05439758,1,4,6,4,80,75,80,4,85,50,38735,2
80.19210815,13.0579071,1,4,2,4,25,25,25,5,40,35,77623,2
-122.5214996,45.66520691,0,1,4,4,5,5,5,4,5,5,76166,2
80.19210815,13.0579071,1,4,4,5,25,70,15,4,60,10,25516,1
80.19210815,13.0579071,1,4,4,4,95,100,90,5,95,100,54962,2
-76.0236969,36.82820129,1,4,4,3,80,25,80,3,50,50,84809,3
78.47439575,17.37530518,0,5,5,3,10,40,60,2,70,60,86755,3
77.00601196,20.00630188,1,4,4,4,95,100,95,5,100,95,11493,2
-79.95570374,40.44419861,1,5,3,2,20,50,25,3,50,50,69973,4
80.19210815,13.0579071,1,6,3,4,90,90,25,5,95,40,73381,2
77.00601196,20.00630188,1,4,4,4,100,90,80,4,90,80,44326,2
76.26528931,9.940597534,0,4,4,4,10,65,10,4,80,15,76327,2
-98.64980316,29.45509338,1,3,4,1,50,70,25,3,50,50,86275,5
77.00601196,20.00630188,1,4,4,4,95,95,100,4,100,90,11594,2
-119.1031036,35.30439758,0,4,5,2,50,50,40,1,30,50,66036,4
80.19210815,13.0579071,1,4,4,5,85,100,95,4,100,95,17673,1
80.19210815,13.0579071,1,5,4,3,20,50,10,2,20,65,17822,3
77.35449219,11.10670471,1,5,7,3,40,20,10,3,25,5,22985,3
9.152099609,48.7348938,1,5,6,3,0,0,10,2,20,25,26914,3
121.0132141,14.66490173,0,4,4,3,50,50,50,2,25,50,54101,3
77.2197876,28.63270569,1,6,4,3,40,40,15,3,30,50,29388,3
80.19210815,13.0579071,0,4,5,3,30,45,10,3,40,35,45279,3
-98.64980316,29.45509338,0,4,3,2,50,40,60,3,50,50,47801,4
-110.9766998,32.19430542,0,4,7,2,20,25,50,3,45,60,57521,4
80.64651489,16.5032959,1,5,5,4,60,60,50,4,50,65,78616,2
77.58551025,12.96339417,1,5,9,3,0,20,60,5,80,70,61777,3
78.47439575,17.37530518,1,5,5,3,25,40,40,2,40,20,84976,3
-79.4151001,40.04179382,1,4,6,3,50,55,25,3,50,50,86571,3
80.19210815,13.0579071,1,4,5,4,85,40,80,2,10,15,65623,2
77.35449219,11.10670471,1,4,5,3,25,75,15,3,65,15,49653,3
77.58551025,12.96339417,0,5,5,3,60,55,60,2,55,40,48163,3
77.35449219,11.10670471,1,4,6,4,70,75,80,3,80,70,56420,2
76.21569824,10.51600647,1,5,8,2,15,30,35,3,30,35,81495,4
75.77209473,11.24479675,0,4,6,4,5,5,10,3,20,25,53855,2
-88.29180145,39.80039978,0,5,10,2,50,60,40,2,40,70,19080,4
80.19210815,13.0579071,1,4,6,3,10,60,25,2,60,50,66136,3
-74.03250122,40.74240112,0,5,3,1,50,50,25,1,50,50,18172,5
77.40658569,23.248703,1,4,6,3,75,45,40,2,60,55,81678,3
-121.3387985,38.66389465,1,3,5,3,50,60,60,3,70,65,59375,3
79.83389282,11.93269348,0,5,4,4,75,30,10,4,10,0,75186,2
-108.4994965,45.77450562,1,4,7,4,75,70,45,3,60,55,29260,2
-96.68260193,33.02870178,1,4,7,4,15,25,25,4,15,40,13607,2
-97.8219986,37.75100708,0,4,5,5,0,55,70,2,25,65,20765,1
-88.16600037,41.79200745,0,6,4,1,50,55,20,1,65,60,55730,5
80.19210815,13.0579071,1,4,8,1,50,45,25,2,50,50,14281,5
-75.58599854,39.98449707,0,4,7,4,25,35,25,5,90,50,73378,2
-81.28630066,29.04220581,0,4,6,4,30,50,15,1,35,50,27167,2
78.15539551,11.65379333,0,5,4,5,0,5,5,5,10,10,67993,1
-87.65170288,41.84829712,0,4,4,2,50,50,50,2,25,50,80163,4
76.29638672,9.962799072,1,4,6,2,50,50,25,2,20,50,28106,4
22.08580017,41.48219299,1,3,7,2,5,25,5,3,30,30,55346,4
80.19210815,13.0579071,1,4,4,4,45,75,70,4,70,15,70499,2
103.7098083,1.554000854,1,4,8,4,45,45,45,4,30,20,65388,2
103.7098083,1.554000854,1,4,8,4,50,50,50,4,50,50,42745,2
12.51260376,41.897995,1,5,8,1,50,50,25,1,50,50,55216,5
-120.2718964,47.41619873,0,5,7,4,10,50,20,4,40,30,15061,2
80.19210815,13.0579071,1,4,5,4,30,40,25,2,35,55,38551,2
-84.6026001,35.45570374,1,4,6,3,25,45,25,3,50,50,51972,3
8.929992676,45.86590576,1,4,3,1,50,50,25,1,50,50,22380,5
76.26528931,9.940597534,0,5,3,3,15,50,40,2,35,50,64774,3
80.19210815,13.0579071,0,5,3,3,35,15,30,2,35,50,83319,3
-79.15229797,43.79220581,1,4,6,3,25,20,20,3,65,40,15318,3
76.29638672,9.962799072,0,5,5,2,30,30,20,4,20,25,43345,4
-87.90740204,42.88949585,1,4,6,3,20,45,25,3,30,60,27421,3
72.88560486,19.07479858,1,4,6,3,5,50,30,3,45,65,23024,3
-75.16850281,39.96640015,1,4,9,5,60,65,70,5,25,65,77799,1
76.26528931,9.940597534,0,5,5,4,10,50,25,3,30,50,27616,2
76.26528931,9.940597534,0,5,5,3,35,40,25,2,25,40,82364,3
-74.00550079,40.73649597,0,4,3,4,45,45,25,3,40,25,23678,2
80.19210815,13.0579071,0,4,6,5,65,60,75,4,70,0,45423,1
14.53039551,40.92909241,1,3,2,4,30,75,65,3,30,50,67232,2
72.88560486,19.07479858,0,5,4,4,10,60,5,3,55,95,83499,2
72.88560486,19.07479858,1,5,4,4,10,20,25,3,10,100,22583,2
72.88560486,19.07479858,1,6,3,4,20,65,15,3,25,70,15282,2
-48.68699646,-22.81739807,1,3,4,4,25,70,25,3,50,50,41848,2
7.25970459,43.70449829,1,4,4,3,60,75,75,3,80,80,55785,3
-96.87039948,32.81370544,0,5,4,4,80,90,85,4,90,50,16682,2
12.10969543,43.14790344,1,5,3,1,50,50,25,1,50,50,92591,5
-51.16799927,-30.11880493,0,4,3,4,65,70,25,3,30,15,35964,2
-97.52089691,25.93559265,1,4,3,1,50,50,25,3,50,50,51902,5
-45.41819763,-22.41549683,0,4,3,3,45,40,20,4,45,50,84660,3
-119.2893982,47.14160156,0,5,7,2,50,50,25,2,50,50,88646,4
-45.89849854,-18.45620728,1,3,4,1,50,50,25,2,50,50,91493,5
-94.71620178,37.39329529,0,4,7,3,35,40,55,2,35,35,93877,3
36.81550598,-1.284103394,1,5,7,3,20,50,20,3,35,60,93896,3
-47.85629272,-23.35580444,1,5,7,3,50,50,50,3,20,50,57206,3
-105.0027008,39.84010315,1,4,4,2,20,50,25,3,45,50,76114,4
-84.68489838,43.10079956,0,4,5,3,50,50,25,2,40,50,53627,3
77.58551025,12.96339417,1,4,8,3,10,60,5,5,20,40,11564,3
12.24499512,45.49369812,1,4,3,3,50,50,25,3,50,50,56049,3
8.979202271,45.55340576,1,3,3,3,5,75,10,4,5,20,29456,3
-76.9417038,38.88920593,0,4,8,3,40,60,25,2,30,65,71512,3
-87.98130035,44.50340271,0,4,5,3,40,60,65,3,30,35,38409,3
-84.10310364,34.20370483,0,5,10,3,25,30,15,2,20,40,60531,3
36.81550598,-1.284103394,0,5,4,3,15,25,20,4,30,20,39347,3
-71.0102005,46.43449402,0,4,2,3,40,50,20,2,35,40,62149,3
-46.62950134,-23.63760376,0,5,5,1,50,55,35,3,50,50,17286,5
-84.14800262,44.99240112,0,4,10,4,50,50,30,4,45,50,31443,2
-79.73549652,40.47599792,1,4,5,3,35,45,60,2,60,45,99427,3
-41.71029663,-20.76559448,1,4,4,1,50,50,20,3,50,50,29354,5
-105.1559982,39.688797,,4,4,2,50,50,50,2,50,50,80176,4
-81.188797,28.37739563,0,6,3,3,50,40,20,2,50,50,20986,3
78.15539551,11.65379333,1,4,4,4,10,5,10,4,5,20,50281,2
-117.080101,32.63870239,0,4,10,1,50,50,25,3,50,50,54357,5
-77.0522995,38.80780029,0,4,6,3,50,50,30,1,30,40,81056,3
-121.4450989,38.47990417,0,4,7,3,40,45,20,3,20,35,35786,3
-121.2714005,38.69749451,1,5,5,4,65,55,65,4,60,60,67147,2
-93.33660126,44.95089722,0,4,5,2,50,50,25,3,50,50,66030,4
-81.71579742,32.44999695,0,4,3,1,50,50,40,2,30,50,86529,5
-84.29160309,39.06970215,0,3,5,5,0,50,0,3,55,50,41026,1
-75.16000366,39.93400574,0,4,7,3,10,50,25,3,50,50,30296,3
2.271606445,48.78520203,1,5,7,1,50,50,25,1,50,50,35957,5
114.1459961,22.27949524,1,4,4,3,50,50,25,1,50,50,46997,3
91.65231323,26.12060547,0,4,5,3,30,15,10,3,15,15,31553,3
2.407501221,48.83230591,0,3,4,1,50,50,25,3,25,50,19617,5
-65.28240204,-2.770294189,0,4,8,5,15,,20,2,10,25,87860,1
-65.28240204,-2.770294189,0,,8,2,15,35,25,2,30,25,31180,4
-87.66570282,42.01069641,0,4,3,2,5,10,70,3,10,30,79410,4
12.51260376,41.897995,1,4,4,3,55,50,50,2,50,50,13395,3
35.83329773,33.83329773,1,4,5,1,50,50,25,2,50,50,95352,5
-76.6753006,39.34069824,1,4,3,1,45,50,20,3,50,50,64931,5
8.539398193,47.36239624,1,4,3,1,50,50,25,3,50,50,99720,5
-74.22930145,40.72380066,1,3,2,4,10,10,60,4,15,60,89482,2
-103.4091034,20.63079834,1,5,4,3,50,40,25,3,50,50,41080,3
-81.23459625,43.01289368,0,4,3,3,50,50,30,3,40,50,67292,3
78.47439575,17.37530518,1,5,7,4,80,75,55,3,75,70,89235,2
-85.08029938,33.58149719,0,4,4,3,50,50,50,2,50,50,84041,3
-74.59770203,39.32119751,1,3,10,3,50,50,50,3,50,50,27858,3
-71.14309692,41.71659851,1,4,6,3,25,20,30,4,25,60,86628,3
76.29638672,9.962799072,1,5,6,3,15,15,15,2,20,20,41793,3
-82.35070038,34.83079529,0,4,8,3,25,40,20,2,45,40,22179,3
77.00601196,20.00630188,0,5,4,5,65,20,75,5,20,90,76223,1
77.23098755,28.68580627,1,4,5,4,25,55,25,2,30,40,42456,2
-43.08389282,-22.91720581,1,3,3,4,30,50,65,4,30,60,28546,2
-60.1427002,-12.74809265,0,4,8,3,65,60,45,3,60,50,50190,3
80.19210815,13.0579071,1,4,5,3,85,35,45,4,85,55,37208,3
79.13250732,12.918396,0,4,5,4,50,50,25,2,40,100,71928,2
-75.58599854,39.98449707,1,4,5,5,90,75,85,4,90,80,59990,1
80.19210815,13.0579071,0,4,5,3,80,35,45,3,50,55,16830,3
-97.8219986,37.75100708,1,4,5,4,30,50,70,3,40,70,91466,2
77.35449219,11.10670471,1,5,6,3,0,5,5,4,10,95,73759,3
-158.0160065,21.40010071,0,4,5,3,50,20,30,2,45,50,29691,3
77.35449219,11.10670471,1,5,6,2,0,30,20,4,75,85,34923,4
75.7928009,26.92599487,1,5,4,5,75,60,80,5,30,70,98768,1
80.19210815,13.0579071,1,4,5,3,60,20,65,2,10,20,46306,3
79.13250732,12.918396,1,5,4,3,65,15,40,3,10,80,40029,3
80.19210815,13.0579071,1,5,4,4,30,35,35,4,10,10,66814,2
77.58551025,12.96339417,0,4,6,4,45,25,30,4,20,10,48917,2
14.23849487,40.86700439,0,2,3,4,85,40,,4,30,45,39130,2
73.72860718,18.61610413,1,4,4,3,55,60,75,4,45,50,27127,3
-46.64430237,-23.57159424,1,4,4,2,50,40,50,2,50,50,41910,4
12.51260376,41.897995,1,5,6,1,30,35,25,2,60,50,39928,5
73.72860718,18.61610413,1,5,3,1,50,50,25,1,50,50,75260,5
12.10969543,43.14790344,0,5,6,3,55,55,50,4,50,50,91964,3
77.39599609,23.26539612,0,5,4,3,30,40,20,4,15,40,60268,3
