序号,提交答卷时间,time,来源,来源详情,来自IP,sex,age,education,sex_divining_ability,sex_random_guess,boy_number,abcd_random_guess,abcd_guessing_ability,TF_random_guess,coin_head
1,4/21/2021 20:10,57,互填问卷,N/A,183.222.165.234(四川-雅安),1,3.00,4,3,50,50,25,3,50,50
2,4/21/2021 20:10,48,互填问卷,N/A,223.104.192.130(山东-东营),0,2.00,4,3,50,50,15,3,75,50
3,4/21/2021 20:11,61,互填问卷,N/A,223.104.103.44(河北-保定),0,4.00,4,3,50,50,25,3,50,50
4,4/21/2021 20:12,85,互填问卷,N/A,117.148.158.57(浙江-金华),0,2.00,3,1,50,55,25,3,60,100
5,4/21/2021 20:12,71,互填问卷,N/A,117.136.46.126(江苏-徐州),1,3.00,4,4,50,35,20,3,50,50
6,4/21/2021 20:13,54,互填问卷,N/A,39.144.50.73(河北-石家庄),1,3.00,4,5,10,65,25,3,75,60
7,4/21/2021 20:13,27,互填问卷,N/A,106.9.117.73(河北-保定),0,3.00,4,4,35,25,35,4,35,45
8,4/21/2021 20:13,232,互填问卷,N/A,39.186.161.44(浙江-湖州),1,1.00,2,4,40,55,20,3,45,55
9,4/21/2021 20:14,80,互填问卷,N/A,36.98.2.63(河北-石家庄),0,3.00,4,2,40,40,30,3,45,50
10,4/21/2021 20:16,63,互填问卷,N/A,223.104.96.186(贵州-贵阳),0,3.00,4,1,50,50,50,2,50,50
11,4/21/2021 20:16,79,互填问卷,N/A,112.38.112.55(山东-临沂),1,1.00,2,3,50,50,50,2,40,35
12,4/21/2021 20:16,120,互填问卷,N/A,58.19.3.115(湖北-武汉),0,3.00,4,1,50,50,20,1,50,50
13,4/21/2021 20:18,74,互填问卷,N/A,112.2.252.27(江苏-南京),0,9.00,3,2,50,50,25,4,50,50
14,4/21/2021 20:19,50,互填问卷,N/A,112.96.132.140(广东-广州),1,2.00,4,3,25,60,45,3,35,35
15,4/21/2021 20:22,46,互填问卷,N/A,183.172.94.68(北京-北京),1,3.00,4,1,50,50,25,3,50,50
16,4/21/2021 20:23,29,互填问卷,N/A,223.104.21.2(湖南-长沙),1,3.00,4,4,30,30,30,4,45,35
17,4/21/2021 20:23,83,互填问卷,N/A,221.13.1.249(贵州-贵阳),0,3.00,4,3,15,50,25,3,50,50
18,4/21/2021 20:26,99,互填问卷,N/A,39.144.201.138(新疆-未知),0,3.00,4,2,25,45,10,4,50,50
19,4/21/2021 20:26,70,互填问卷,N/A,182.97.133.107(江西-南昌),0,3.00,4,3,50,50,25,4,50,50
20,4/21/2021 20:27,56,互填问卷,N/A,120.3.231.90(河北-保定),0,3.00,4,5,5,50,60,2,40,55
21,4/21/2021 20:27,16,互填问卷,N/A,59.52.0.140(江西-南昌),1,3.00,4,2,50,70,60,2,50,60
22,4/21/2021 20:27,67,互填问卷,N/A,123.120.188.73(北京-北京),0,1.00,1,4,30,40,25,4,50,50
23,4/21/2021 20:30,52,互填问卷,N/A,203.93.18.248(北京-北京),0,2.00,4,2,35,50,10,3,20,35
24,4/21/2021 20:30,70,互填问卷,N/A,221.192.178.64(河北-沧州),0,3.00,4,3,50,50,25,3,50,50
25,4/21/2021 20:32,21,互填问卷,N/A,183.230.211.8(重庆-重庆),1,5.00,3,3,40,40,20,2,50,10
26,4/21/2021 20:32,143,互填问卷,N/A,112.26.148.243(安徽-六安),1,2.00,3,3,50,55,25,3,30,50
27,4/21/2021 20:36,63,互填问卷,N/A,223.104.96.167(贵州-贵阳),1,3.00,4,4,20,50,50,3,50,50
28,4/21/2021 20:42,54,互填问卷,N/A,211.91.139.135(湖北-荆州),0,3.00,4,1,50,50,25,3,35,45
29,4/21/2021 20:42,91,互填问卷,N/A,58.59.22.87(山东-济南),0,3.00,4,1,50,45,25,3,60,50
30,4/21/2021 20:42,78,互填问卷,N/A,183.11.130.133(广东-深圳),0,3.00,5,2,25,60,30,3,20,65
31,4/21/2021 20:43,66,互填问卷,N/A,115.60.20.91(河南-郑州),0,3.00,4,5,50,50,25,5,50,50
32,4/21/2021 20:43,27,互填问卷,N/A,117.154.164.117(湖北-荆州),1,3.00,4,3,15,50,30,3,35,30
33,4/21/2021 20:43,99,互填问卷,N/A,123.147.249.63(重庆-重庆),0,2.00,4,3,50,50,20,4,50,50
34,4/21/2021 20:50,49,互填问卷,N/A,103.57.12.223(吉林-长春),1,3.00,5,3,75,75,75,2,75,75
35,4/21/2021 20:51,77,互填问卷,N/A,112.53.74.37(山东-枣庄),0,3.00,4,1,25,70,30,2,60,50
36,4/21/2021 20:51,54,互填问卷,N/A,223.104.50.72(福建-厦门),0,3.00,4,4,40,45,30,3,40,45
37,4/21/2021 20:53,62,互填问卷,N/A,223.104.65.80(广东-东莞),0,3.00,4,2,50,55,25,3,45,50
38,4/21/2021 20:54,51,互填问卷,N/A,221.192.179.17(河北-石家庄),0,3.00,5,2,5,75,25,3,75,65
39,4/21/2021 20:55,76,互填问卷,N/A,218.106.157.102(福建-福州),0,3.00,4,3,30,50,25,3,50,50
40,4/21/2021 20:57,60,互填问卷,N/A,223.104.250.35(重庆-重庆),0,2.00,4,2,30,50,25,4,45,50
41,4/21/2021 20:59,128,互填问卷,N/A,27.46.136.44(广东-广州),0,3.00,4,3,20,50,30,3,40,30
42,4/21/2021 20:59,66,互填问卷,N/A,117.182.76.186(广西-桂林),0,3.00,4,3,10,50,25,3,50,50
43,4/21/2021 21:06,64,互填问卷,N/A,61.190.213.226(安徽-宣城),0,3.00,4,1,50,70,20,3,55,45
44,4/21/2021 21:08,135,互填问卷,N/A,223.104.131.196(湖南-长沙),0,3.00,4,4,20,40,20,3,40,40
45,4/21/2021 21:17,91,互填问卷,N/A,223.104.170.5(江西-南昌),0,3.00,4,3,40,45,5,5,40,40
46,4/21/2021 21:20,134,互填问卷,N/A,223.13.11.104(山西-临汾),0,1.00,1,3,5,30,25,2,10,50
47,4/21/2021 21:20,33,互填问卷,N/A,119.4.253.251(四川-成都),0,2.00,4,3,35,40,45,2,65,55
48,4/21/2021 21:21,70,互填问卷,N/A,101.94.31.164(上海-上海),0,2.00,4,3,5,65,45,3,35,50
49,4/21/2021 21:21,57,互填问卷,N/A,182.104.76.246(江西-南昌),0,3.00,4,2,45,55,20,3,50,45
50,4/21/2021 21:22,72,互填问卷,N/A,111.23.16.69(湖南-湘潭),0,2.00,4,3,50,50,10,3,50,50
51,4/21/2021 21:23,65,互填问卷,N/A,1.195.108.208(河南-焦作),0,3.00,4,1,50,50,50,1,50,50
52,4/21/2021 21:24,29,互填问卷,N/A,27.128.95.161(河北-衡水),0,3.00,4,3,50,40,40,2,40,30
53,4/21/2021 21:25,59,互填问卷,N/A,218.68.211.148(天津-天津),0,2.00,4,1,50,50,15,3,60,50
54,4/21/2021 21:28,58,互填问卷,N/A,120.68.0.6(新疆-阿克苏),0,3.00,4,3,25,45,25,2,20,50
55,4/21/2021 21:33,30,互填问卷,N/A,117.154.105.156(湖北-武汉),0,2.00,4,3,35,50,30,5,45,45
56,4/21/2021 21:35,51,互填问卷,N/A,119.4.253.253(四川-成都),1,3.00,4,3,25,50,25,3,50,50
57,4/21/2021 21:41,88,互填问卷,N/A,117.181.32.197(广西-玉林),1,3.00,4,3,45,45,15,4,35,50
58,4/21/2021 21:41,30,互填问卷,N/A,117.136.45.147(江苏-南京),0,3.00,4,3,40,20,40,2,80,40
59,4/21/2021 21:42,65,互填问卷,N/A,117.182.108.183(广西-钦州),0,4.00,4,4,5,45,20,3,5,50
60,4/21/2021 21:45,56,互填问卷,N/A,116.162.2.9(湖南-长沙),1,3.00,4,1,50,50,25,3,50,50
61,4/21/2021 21:47,70,互填问卷,N/A,111.38.159.2(安徽-蚌埠),0,3.00,4,2,50,50,25,3,50,50
62,4/21/2021 21:49,76,互填问卷,N/A,223.104.90.193(广西-南宁),0,3.00,4,3,25,60,35,2,50,50
63,4/21/2021 21:52,80,互填问卷,N/A,61.150.43.41(陕西-西安),0,3.00,4,1,50,55,25,3,50,50
64,4/21/2021 21:57,51,互填问卷,N/A,220.189.73.191(浙江-嘉兴),1,3.00,4,3,50,50,25,2,50,50
65,4/21/2021 21:58,98,互填问卷,N/A,183.227.68.106(重庆-重庆),0,3.00,4,3,40,30,25,4,40,50
66,4/21/2021 21:58,69,互填问卷,N/A,111.60.1.64(湖北-武汉),1,3.00,4,1,50,50,25,3,50,50
67,4/21/2021 22:05,35,互填问卷,N/A,182.247.50.82(云南-文山),0,3.00,4,3,30,70,25,3,45,40
68,4/21/2021 22:07,53,互填问卷,N/A,58.243.254.224(安徽-合肥),0,3.00,4,3,50,50,25,3,50,50
69,4/21/2021 22:08,40,互填问卷,N/A,112.95.74.186(广东-深圳),1,3.00,4,1,50,50,10,5,10,50
70,4/21/2021 22:08,81,互填问卷,N/A,222.137.65.221(河南-郑州),1,3.00,4,1,50,50,25,3,50,50
71,4/21/2021 22:08,119,互填问卷,N/A,223.104.219.163(四川-成都),1,3.00,4,1,50,50,25,1,50,50
72,4/21/2021 22:09,83,互填问卷,N/A,117.136.38.63(北京-北京),1,5.00,4,3,50,50,25,3,50,50
73,4/21/2021 22:14,52,互填问卷,N/A,183.224.17.146(云南-昆明),0,4.00,4,4,30,55,50,2,30,85
74,4/21/2021 22:21,11,互填问卷,N/A,113.12.213.57(广西-南宁),0,3.00,5,1,50,50,0,1,60,20
75,4/21/2021 22:22,73,互填问卷,N/A,171.118.66.223(山西-太原),0,3.00,4,3,25,50,25,3,25,50
76,4/21/2021 22:22,98,互填问卷,N/A,106.39.61.7(北京-北京),0,3.00,4,3,50,50,25,4,40,50
77,4/21/2021 22:24,64,互填问卷,N/A,111.9.174.2(四川-南充),1,3.00,4,5,50,50,0,5,0,65
78,4/21/2021 22:25,60,互填问卷,N/A,117.141.137.11(广西-南宁),0,3.00,4,3,25,55,5,3,25,50
79,4/21/2021 22:25,57,互填问卷,N/A,60.168.39.211(安徽-合肥),0,3.00,4,1,50,50,25,3,50,50
80,4/21/2021 22:27,104,互填问卷,N/A,117.136.92.84(山东-青岛),0,2.00,4,3,25,35,25,3,45,35
81,4/21/2021 22:28,96,互填问卷,N/A,223.104.17.224(黑龙江-哈尔滨),0,3.00,4,3,35,45,60,2,55,65
82,4/21/2021 22:28,57,互填问卷,N/A,112.4.238.248(江苏-连云港),1,3.00,4,3,50,50,25,3,10,50
83,4/21/2021 22:31,86,互填问卷,N/A,223.104.101.187(河北-秦皇岛),0,3.00,4,3,50,50,25,2,50,50
84,4/21/2021 22:33,16,互填问卷,N/A,14.23.136.25(广东-广州),1,1.00,1,5,10,10,0,2,50,40
85,4/21/2021 22:33,43,互填问卷,N/A,180.160.219.124(上海-上海),1,2.00,4,4,30,80,30,3,40,50
86,4/21/2021 22:34,14,互填问卷,N/A,1.71.170.139(山西-太原),0,3.00,2,4,45,20,20,4,30,20
87,4/21/2021 22:34,100,互填问卷,N/A,58.20.17.57(湖南-长沙),0,2.00,4,3,45,50,35,3,60,50
88,4/21/2021 22:34,54,互填问卷,N/A,120.85.135.106(广东-广州),0,4.00,5,2,30,45,30,3,45,50
89,4/21/2021 22:39,30,互填问卷,N/A,171.214.165.248(四川-成都),0,3.00,4,3,25,45,40,3,75,65
90,4/21/2021 22:40,59,互填问卷,N/A,106.19.19.227(湖南-长沙),0,3.00,4,2,25,50,25,3,25,50
91,4/21/2021 22:40,91,互填问卷,N/A,223.104.64.181(广东-东莞),0,2.00,4,4,50,50,15,3,50,50
92,4/21/2021 22:42,59,互填问卷,N/A,101.228.138.28(上海-上海),0,4.00,4,3,45,50,20,2,50,50
93,4/21/2021 22:46,102,互填问卷,N/A,223.104.191.39(山东-济南),0,3.00,4,4,20,55,30,3,50,50
94,4/21/2021 22:47,95,互填问卷,N/A,117.182.246.43(广西-桂林),0,4.00,4,3,5,60,20,3,50,80
95,4/21/2021 22:48,73,互填问卷,N/A,112.64.36.140(上海-上海),0,2.00,4,3,50,50,25,3,25,50
96,4/21/2021 22:49,395,互填问卷,N/A,223.104.64.200(广东-广州),1,3.00,4,1,50,50,10,4,45,50
97,4/21/2021 22:51,67,互填问卷,N/A,119.185.119.23(山东-日照),1,7.00,6,3,0,50,50,2,50,50
98,4/21/2021 22:53,47,互填问卷,N/A,223.104.170.39(江西-南昌),1,3.00,4,1,50,50,60,5,60,60
99,4/21/2021 22:55,28,互填问卷,N/A,117.154.105.124(湖北-武汉),0,3.00,4,3,10,50,40,3,30,50
100,4/21/2021 22:57,250,互填问卷,N/A,116.22.147.171(广东-广州),0,3.00,4,1,50,50,25,3,50,50
101,4/21/2021 22:57,102,互填问卷,N/A,120.238.225.226(广东-江门),0,2.00,4,2,50,60,20,3,60,40
102,4/21/2021 22:57,4,互填问卷,N/A,221.192.178.226(河北-石家庄),1,13.00,1,2,50,25,75,2,90,45
103,4/21/2021 22:57,100,互填问卷,N/A,223.104.45.6(福建-泉州),0,3.00,4,3,45,50,25,3,50,50
104,4/21/2021 22:58,19,互填问卷,N/A,124.76.58.71(上海-上海),1,2.00,4,3,40,20,55,3,50,45
105,4/21/2021 22:59,121,互填问卷,N/A,140.243.232.166(福建-厦门),1,3.00,4,1,50,50,20,4,50,50
106,4/21/2021 23:01,134,互填问卷,N/A,106.122.77.217(福建-福州),0,2.00,4,3,45,50,10,3,15,35
107,4/21/2021 23:03,110,互填问卷,N/A,39.144.34.40(安徽-合肥),0,2.00,3,1,100,0,25,4,15,50
108,4/21/2021 23:04,31,互填问卷,N/A,223.104.111.129(河南-郑州),1,5.00,4,3,20,50,25,3,50,50
109,4/21/2021 23:04,77,互填问卷,N/A,183.251.162.55(福建-龙岩),1,2.00,3,3,25,50,30,3,45,80
110,4/21/2021 23:06,29,互填问卷,N/A,221.192.178.80(河北-沧州),1,3.00,4,4,50,45,35,3,55,15
111,4/21/2021 23:07,111,互填问卷,N/A,123.189.0.147(辽宁-鞍山),0,2.00,4,3,35,40,40,2,70,65
112,4/21/2021 23:09,118,互填问卷,N/A,220.115.159.20(广东-广州),0,3.00,4,4,30,60,25,3,50,50
113,4/21/2021 23:09,78,互填问卷,N/A,223.104.159.156(浙江-杭州),1,2.00,6,3,50,50,25,3,50,50
114,4/21/2021 23:10,71,互填问卷,N/A,223.104.160.113(浙江-未知),0,2.00,4,3,50,50,25,3,50,50
115,4/21/2021 23:10,69,互填问卷,N/A,27.8.91.223(重庆-重庆),0,3.00,4,2,50,50,20,3,50,50
116,4/21/2021 23:11,13,互填问卷,N/A,110.16.106.76(内蒙古-呼和浩特),1,6.00,1,1,35,25,45,2,45,45
117,4/21/2021 23:12,90,互填问卷,N/A,112.24.29.28(江苏-镇江),0,2.00,4,1,30,80,55,2,55,45
118,4/21/2021 23:14,50,互填问卷,N/A,1.85.33.67(陕西-西安),1,2.00,4,3,50,50,25,3,50,50
119,4/21/2021 23:17,20,互填问卷,N/A,120.204.142.49(上海-上海),1,4.00,4,5,5,5,5,4,95,45
120,4/21/2021 23:17,74,互填问卷,N/A,42.49.109.97(湖南-湘潭),0,3.00,4,3,50,50,25,3,50,50
121,4/21/2021 23:26,30,互填问卷,N/A,112.17.240.84(浙江-未知),1,3.00,2,5,5,20,20,4,10,20
122,4/21/2021 23:26,50,互填问卷,N/A,223.104.103.48(河北-保定),0,3.00,4,1,50,50,25,5,50,25
123,4/21/2021 23:28,62,互填问卷,N/A,112.67.108.157(海南-海口),0,3.00,4,3,0,10,0,4,20,15
124,4/21/2021 23:29,30,互填问卷,N/A,125.41.236.60(河南-郑州),0,3.00,4,2,50,70,40,2,90,80
125,4/21/2021 23:32,114,互填问卷,N/A,36.46.11.29(陕西-西安),1,3.00,4,1,50,50,30,2,50,50
126,4/21/2021 23:33,15,互填问卷,N/A,39.144.190.122(湖南-长沙),1,2.00,4,3,55,25,55,2,85,95
127,4/21/2021 23:39,71,互填问卷,N/A,101.206.168.24(四川-成都),0,4.00,4,2,50,50,30,3,25,50
128,4/21/2021 23:40,83,互填问卷,N/A,1.71.170.138(山西-太原),0,3.00,4,2,40,45,20,3,20,40
129,4/21/2021 23:41,92,互填问卷,N/A,112.224.65.171(山东-青岛),0,2.00,4,3,50,50,25,3,50,50
130,4/21/2021 23:42,18,互填问卷,N/A,39.144.161.2(安徽-六安),0,3.00,4,2,50,45,40,2,30,30
131,4/21/2021 23:47,72,互填问卷,N/A,223.104.103.11(河北-保定),1,3.00,4,1,50,50,25,1,50,50
132,4/21/2021 23:50,18,互填问卷,N/A,125.41.236.242(河南-郑州),1,3.00,4,3,50,30,50,3,100,90
133,4/21/2021 23:53,154,互填问卷,N/A,223.104.97.155(贵州-贵阳),0,3.00,4,3,30,50,30,2,45,60
134,4/21/2021 23:54,45,互填问卷,N/A,117.136.12.187(广东-深圳),0,3.00,4,3,50,50,50,3,50,50
135,4/21/2021 23:56,84,互填问卷,N/A,36.158.34.150(湖南-长沙),0,2.00,4,3,50,50,25,3,50,50
136,4/21/2021 23:57,60,互填问卷,N/A,103.251.99.245(广西-南宁),0,3.00,4,2,50,50,45,3,55,50
137,4/21/2021 23:58,100,互填问卷,N/A,106.18.86.146(湖南-衡阳),0,3.00,4,1,75,50,25,3,50,50
138,4/21/2021 23:59,64,互填问卷,N/A,223.104.191.52(山东-济南),0,2.00,4,3,30,50,20,3,20,50
139,4/22/2021 0:01,47,互填问卷,N/A,117.136.118.174(安徽-阜阳),0,3.00,4,2,50,50,20,3,50,50
140,4/22/2021 0:01,79,互填问卷,N/A,183.42.37.169(广东-东莞),1,2.00,4,4,25,45,35,2,20,50
141,4/22/2021 0:07,103,互填问卷,N/A,223.104.193.35(山东-东营),0,3.00,4,3,50,50,50,3,40,50
142,4/22/2021 0:19,53,互填问卷,N/A,113.65.231.203(广东-广州),0,3.00,4,3,50,50,50,2,50,50
143,4/22/2021 0:21,361,互填问卷,N/A,120.193.156.30(内蒙古-呼和浩特),1,3.00,4,2,55,55,35,3,30,45
144,4/22/2021 0:22,51,互填问卷,N/A,175.9.80.239(湖南-长沙),0,3.00,4,3,55,50,25,3,80,50
145,4/22/2021 0:23,22,互填问卷,N/A,202.185.62.84(国外-马来西亚),1,10.00,2,4,25,100,95,2,85,35
146,4/22/2021 0:23,169,互填问卷,N/A,112.96.106.147(广东-广州),0,3.00,4,3,20,40,45,2,20,50
147,4/22/2021 0:26,59,互填问卷,N/A,112.36.235.15(山东-济南),0,3.00,4,3,50,50,50,3,50,50
148,4/22/2021 0:33,227,互填问卷,N/A,112.96.48.98(广东-广州),0,3.00,5,3,50,50,25,3,50,50
149,4/22/2021 0:42,66,互填问卷,N/A,117.136.104.110(河南-郑州),0,3.00,4,3,50,50,25,3,50,50
150,4/22/2021 0:45,169,互填问卷,N/A,223.104.52.57(福建-南平),1,4.00,2,3,50,50,50,2,50,50
151,4/22/2021 0:45,96,互填问卷,N/A,120.228.90.190(湖南-长沙),1,5.00,4,2,30,55,30,3,40,50
152,4/22/2021 0:46,136,互填问卷,N/A,113.57.247.221(湖北-武汉),1,2.00,4,3,50,55,20,4,50,50
153,4/22/2021 0:47,116,互填问卷,N/A,223.104.34.105(安徽-合肥),0,3.00,4,4,20,50,25,3,50,50
154,4/22/2021 0:47,74,互填问卷,N/A,117.136.103.65(安徽-合肥),1,3.00,4,3,50,50,25,3,50,50
155,4/22/2021 0:49,42,互填问卷,N/A,218.197.153.10(湖北-武汉),0,3.00,4,1,50,50,30,3,45,50
156,4/22/2021 0:51,71,互填问卷,N/A,116.178.233.221(新疆-乌鲁木齐),0,3.00,5,2,50,40,25,2,50,50
157,4/22/2021 0:52,71,互填问卷,N/A,120.85.147.132(广东-广州),0,2.00,4,4,30,35,15,3,55,50
158,4/22/2021 0:59,46,互填问卷,N/A,183.198.49.181(河北-保定),0,3.00,4,3,10,50,25,3,50,40
159,4/22/2021 1:02,99,互填问卷,N/A,117.158.213.174(河南-郑州),0,3.00,4,1,50,60,45,3,25,50
160,4/22/2021 1:03,412,互填问卷,N/A,124.240.45.100(广东-广州),0,3.00,4,4,30,20,10,4,25,50
161,4/22/2021 1:10,104,互填问卷,N/A,223.73.194.56(广东-广州),0,3.00,4,3,25,55,20,3,35,40
162,4/22/2021 1:13,288,互填问卷,N/A,113.132.22.126(陕西-西安),0,4.00,4,1,50,50,25,3,50,50
163,4/22/2021 1:25,66,互填问卷,N/A,112.97.49.42(广东-深圳),0,3.00,4,3,50,50,25,4,50,50
164,4/22/2021 1:28,65,互填问卷,N/A,180.111.224.164(江苏-南京),0,3.00,4,2,60,50,20,3,25,50
165,4/22/2021 1:29,78,互填问卷,N/A,27.45.145.170(广东-佛山),0,2.00,4,1,50,50,25,2,50,50
166,4/22/2021 1:32,81,互填问卷,N/A,223.104.244.239(浙江-杭州),0,3.00,4,3,30,50,30,3,60,65
167,4/22/2021 1:34,173,互填问卷,N/A,39.144.35.30(安徽-合肥),0,3.00,4,1,60,65,35,2,65,55
168,4/22/2021 1:54,119,互填问卷,N/A,119.103.189.117(湖北-武汉),0,3.00,4,3,50,50,25,3,50,50
169,4/22/2021 2:15,84,互填问卷,N/A,223.104.106.137(河南-开封),0,2.00,4,3,15,30,50,2,50,50
170,4/22/2021 2:16,61,互填问卷,N/A,68.79.55.74(宁夏-中卫),0,3.00,4,4,35,55,35,3,45,55
171,4/22/2021 2:19,100,互填问卷,N/A,221.192.180.135(河北-秦皇岛),0,4.00,5,3,55,55,30,3,65,55
172,4/22/2021 2:26,48,互填问卷,N/A,112.3.250.65(江苏-南京),0,3.00,4,3,60,60,10,3,50,70
173,4/22/2021 3:07,121,互填问卷,N/A,223.104.23.168(海南-海口),0,3.00,4,4,30,35,35,3,50,30
174,4/22/2021 5:59,15,互填问卷,N/A,117.136.100.28(安徽-合肥),0,4.00,6,4,95,65,75,4,45,85
175,4/22/2021 6:06,141,互填问卷,N/A,112.37.126.185(山东-聊城),0,8.00,5,3,50,50,25,3,50,50
176,4/22/2021 6:15,1038,互填问卷,N/A,223.104.1.251(广东-广州),1,4.00,4,4,20,50,20,4,20,50
177,4/22/2021 6:27,75,互填问卷,N/A,117.136.39.93(广东-深圳),1,3.00,4,3,35,35,35,3,60,45
178,4/22/2021 6:51,88,互填问卷,N/A,221.192.178.87(河北-沧州),1,3.00,4,4,5,25,15,5,25,40
179,4/22/2021 7:10,80,互填问卷,N/A,101.82.167.90(上海-上海),0,6.00,5,1,50,50,20,3,30,50
180,4/22/2021 7:14,51,互填问卷,N/A,183.199.78.70(河北-秦皇岛),1,3.00,4,3,35,30,25,4,30,20
181,4/22/2021 7:28,42,互填问卷,N/A,112.224.75.75(山东-青岛),0,3.00,4,3,50,50,25,3,25,50
182,4/22/2021 7:29,98,互填问卷,N/A,117.136.95.169(山东-潍坊),0,2.00,4,3,15,20,25,3,25,45
183,4/22/2021 7:30,32,互填问卷,N/A,211.93.15.110(宁夏-银川),1,3.00,4,2,15,15,15,3,15,15
184,4/22/2021 7:34,20,互填问卷,N/A,222.137.109.168(河南-郑州),0,4.00,4,4,35,35,15,4,35,45
185,4/22/2021 7:35,48,互填问卷,N/A,27.29.158.14(湖北-襄阳),1,3.00,4,3,50,50,25,3,50,50
186,4/22/2021 7:36,112,互填问卷,N/A,112.96.192.89(广东-佛山),0,2.00,3,3,0,0,0,2,0,0
187,4/22/2021 7:48,16,互填问卷,N/A,58.199.157.18(上海-上海),1,3.00,6,4,70,50,20,2,50,20
188,4/22/2021 7:51,90,互填问卷,N/A,1.196.153.126(河南-南阳),1,3.00,5,3,50,50,25,3,50,50
189,4/22/2021 7:54,88,互填问卷,N/A,119.248.46.57(河北-石家庄),0,3.00,4,4,15,50,25,3,50,50
190,4/22/2021 8:08,91,互填问卷,N/A,117.136.30.110(重庆-重庆),0,3.00,4,2,20,60,30,2,45,55
191,4/22/2021 8:10,76,互填问卷,N/A,106.122.44.107(福建-福州),1,3.00,4,3,50,50,25,3,50,50
192,4/22/2021 8:10,58,互填问卷,N/A,39.181.142.188(浙江-台州),0,3.00,4,4,50,50,25,3,50,40
193,4/22/2021 8:14,61,互填问卷,N/A,36.113.96.4(江苏-南京),0,2.00,4,2,55,50,35,3,65,35
194,4/22/2021 8:19,40,互填问卷,N/A,223.73.73.107(广东-珠海),1,4.00,5,3,20,50,20,3,20,20
195,4/22/2021 8:20,96,互填问卷,N/A,120.199.34.103(浙江-杭州),0,3.00,4,4,15,70,25,3,20,50
196,4/22/2021 8:24,22,互填问卷,N/A,39.144.69.2(海南-海口),1,7.00,2,4,20,50,50,3,45,30
197,4/22/2021 8:25,76,互填问卷,N/A,58.194.169.14(山东-济南),1,3.00,4,2,50,50,25,3,50,50
198,4/22/2021 8:27,61,互填问卷,N/A,36.113.96.4(江苏-南京),0,2.00,4,4,25,25,25,2,35,45
199,4/22/2021 8:29,21,互填问卷,N/A,27.207.34.112(山东-德州),1,4.00,4,4,60,50,65,3,45,55
200,4/22/2021 8:33,66,互填问卷,N/A,183.38.10.40(广东-深圳),1,3.00,4,4,40,40,25,3,45,55
201,4/22/2021 8:37,72,互填问卷,N/A,220.169.96.10(湖南-怀化),0,3.00,4,1,50,50,25,2,50,50
202,4/22/2021 8:38,119,互填问卷,N/A,110.54.151.247(国外-菲律宾),0,5.00,4,1,50,50,10,4,25,50
203,4/22/2021 8:41,29,互填问卷,N/A,42.228.52.117(河南-郑州),1,4.00,5,5,70,50,70,3,50,30
204,4/22/2021 8:42,45,互填问卷,N/A,112.102.234.157(黑龙江-哈尔滨),0,3.00,4,3,30,50,50,4,50,50
205,4/22/2021 8:42,91,互填问卷,N/A,223.104.45.11(福建-泉州),0,5.00,5,3,50,45,25,4,10,50
206,4/22/2021 8:44,77,互填问卷,N/A,49.94.102.157(江苏-南京),0,2.00,3,2,40,50,25,4,50,50
207,4/22/2021 8:44,92,互填问卷,N/A,183.200.195.18(山西-阳泉),0,3.00,4,3,20,50,50,3,50,50
208,4/22/2021 8:45,52,互填问卷,N/A,39.162.179.4(河南-南阳),0,3.00,4,2,50,50,25,3,50,50
209,4/22/2021 8:46,93,互填问卷,N/A,223.104.103.7(河北-保定),0,3.00,4,1,35,50,15,3,35,40
210,4/22/2021 8:48,97,互填问卷,N/A,211.138.116.204(浙江-杭州),0,4.00,4,5,25,50,10,5,50,50
211,4/22/2021 8:49,72,互填问卷,N/A,183.220.124.180(四川-成都),1,2.00,4,3,50,50,50,3,50,50
212,4/22/2021 8:52,66,互填问卷,N/A,223.153.64.71(湖南-张家界),0,3.00,4,3,40,50,40,3,50,50
213,4/22/2021 8:52,74,互填问卷,N/A,220.202.152.125(湖南-长沙),0,3.00,4,1,50,50,25,3,50,50
214,4/22/2021 8:54,389,互填问卷,N/A,58.20.17.20(湖南-长沙),1,2.00,3,4,25,65,15,3,35,45
215,4/22/2021 8:56,96,互填问卷,N/A,223.104.169.40(江西-吉安),0,4.00,4,4,25,50,20,2,50,50
216,4/22/2021 8:57,46,互填问卷,N/A,223.104.49.167(福建-厦门),0,3.00,4,4,5,60,70,4,70,50
217,4/22/2021 8:57,33,互填问卷,N/A,223.67.107.215(江苏-淮安),1,8.00,4,3,25,55,45,3,40,50
218,4/22/2021 8:57,91,互填问卷,N/A,39.128.56.141(云南-大理),0,3.00,4,3,10,50,45,3,45,45
219,4/22/2021 8:58,52,互填问卷,N/A,119.131.145.31(广东-广州),1,3.00,4,3,20,50,15,3,15,50
220,4/22/2021 9:08,95,互填问卷,N/A,116.162.3.66(湖南-长沙),1,3.00,4,2,40,50,30,2,60,50
221,4/22/2021 9:11,68,互填问卷,N/A,61.150.43.51(陕西-西安),1,2.00,4,1,50,50,25,3,50,50
222,4/22/2021 9:15,55,互填问卷,N/A,171.44.99.226(湖北-十堰),0,3.00,4,3,25,50,45,2,70,50
223,4/22/2021 9:17,43,互填问卷,N/A,122.96.149.155(江苏-南京),0,3.00,4,3,40,45,25,3,45,45
224,4/22/2021 9:17,1025,互填问卷,N/A,36.113.101.10(江苏-南京),0,3.00,4,5,5,50,25,3,50,50
225,4/22/2021 9:19,98,互填问卷,N/A,223.104.133.77(湖南-长沙),1,3.00,4,3,25,45,35,2,50,50
226,4/22/2021 9:20,38,互填问卷,N/A,39.72.72.176(山东-日照),0,3.00,4,2,35,50,65,1,75,55
227,4/22/2021 9:21,73,互填问卷,N/A,220.174.219.137(海南-海口),0,3.00,4,1,50,50,50,2,50,50
228,4/22/2021 9:23,85,互填问卷,N/A,106.119.6.23(河北-石家庄),0,3.00,4,1,20,45,10,4,60,50
229,4/22/2021 9:23,107,互填问卷,N/A,119.133.4.141(广东-江门),1,3.00,4,2,50,50,25,3,50,50
230,4/22/2021 9:24,89,互填问卷,N/A,1.194.235.195(河南-郑州),0,3.00,4,3,40,30,35,3,50,50
231,4/22/2021 9:26,82,互填问卷,N/A,106.33.74.134(河南-郑州),0,3.00,4,1,25,55,25,3,35,45
232,4/22/2021 9:29,40,互填问卷,N/A,180.130.10.60(云南-昆明),1,2.00,3,3,85,55,65,4,15,25
233,4/22/2021 9:30,16,互填问卷,N/A,223.104.2.129(山东-济南),0,4.00,2,2,15,10,15,2,35,65
234,4/22/2021 9:31,17,互填问卷,N/A,42.80.170.217(天津-天津),0,6.00,4,5,15,25,60,3,75,50
235,4/22/2021 9:34,243,互填问卷,N/A,111.114.0.2(陕西-西安),0,3.00,4,2,0,50,30,4,50,50
236,4/22/2021 9:34,710,互填问卷,N/A,119.103.31.175(湖北-武汉),0,3.00,4,2,50,50,25,3,50,50
237,4/22/2021 9:35,18,互填问卷,N/A,120.192.177.21(山东-烟台),0,1.00,4,1,30,70,50,1,90,80
238,4/22/2021 9:35,104,互填问卷,N/A,112.224.23.113(山东-济南),0,3.00,5,2,45,55,40,3,45,55
239,4/22/2021 9:36,62,互填问卷,N/A,223.104.67.80(广东-广州),0,2.00,4,1,45,55,25,3,50,50
240,4/22/2021 9:36,77,互填问卷,N/A,120.236.174.159(广东-广州),1,3.00,5,3,50,50,25,3,50,50
241,4/22/2021 9:37,80,互填问卷,N/A,60.191.53.215(浙江-杭州),0,3.00,4,3,50,50,30,5,50,50
242,4/22/2021 9:37,67,互填问卷,N/A,111.47.182.235(湖北-黄冈),0,3.00,4,3,50,50,25,3,50,50
243,4/22/2021 9:39,94,互填问卷,N/A,36.152.23.133(江苏-南京),1,3.00,4,3,5,60,50,2,40,45
244,4/22/2021 9:40,76,互填问卷,N/A,60.2.58.37(河北-唐山),0,3.00,4,3,50,60,35,3,50,60
245,4/22/2021 9:40,81,互填问卷,N/A,117.181.33.167(广西-玉林),1,3.00,4,1,50,60,25,3,50,50
246,4/22/2021 9:42,15,互填问卷,N/A,112.1.168.60(江苏-苏州),1,3.00,4,4,25,25,35,3,35,25
247,4/22/2021 9:43,113,互填问卷,N/A,180.102.126.149(江苏-南京),1,4.00,4,1,50,50,25,3,50,50
248,4/22/2021 9:44,75,互填问卷,N/A,106.121.164.214(北京-北京),0,3.00,4,4,20,40,30,3,35,50
249,4/22/2021 9:44,155,互填问卷,N/A,111.197.247.175(北京-北京),0,3.00,4,3,25,50,25,3,50,50
250,4/22/2021 9:46,137,互填问卷,N/A,1.86.247.147(陕西-西安),1,6.00,4,3,40,55,30,3,45,50
251,4/22/2021 9:47,84,互填问卷,N/A,27.189.226.85(河北-廊坊),0,3.00,4,2,35,50,25,4,50,50
252,4/22/2021 9:51,46,互填问卷,N/A,112.24.17.182(江苏-镇江),1,3.00,5,3,50,60,20,3,50,50
253,4/22/2021 9:55,51,互填问卷,N/A,221.4.32.54(广东-广州),0,3.00,4,3,25,50,25,4,50,50
254,4/22/2021 9:57,92,互填问卷,N/A,222.184.249.221(江苏-南通),0,3.00,4,3,20,45,65,1,30,80
255,4/22/2021 10:00,45,互填问卷,N/A,125.47.43.202(河南-郑州),0,3.00,4,4,15,15,40,3,25,15
256,4/22/2021 10:01,33,互填问卷,N/A,180.136.124.236(广西-钦州),0,2.00,4,5,15,5,10,4,45,30
257,4/22/2021 10:01,21,互填问卷,N/A,112.11.118.196(浙江-嘉兴),0,3.00,4,3,45,40,10,3,30,50
258,4/22/2021 10:03,64,互填问卷,N/A,58.20.151.180(湖南-岳阳),1,3.00,4,3,50,50,50,3,50,50
259,4/22/2021 10:03,238,互填问卷,N/A,59.79.117.3(上海-上海),0,2.00,4,3,30,55,35,1,60,50
260,4/22/2021 10:05,45,互填问卷,N/A,60.222.230.210(山西-运城),0,3.00,4,3,10,50,20,5,40,50
261,4/22/2021 10:07,66,互填问卷,N/A,120.199.34.102(浙江-杭州),0,2.00,4,3,15,60,25,3,40,50
262,4/22/2021 10:14,72,互填问卷,N/A,183.220.124.171(四川-成都),1,3.00,4,3,40,50,60,3,50,50
263,4/22/2021 10:19,48,互填问卷,N/A,183.230.163.51(重庆-重庆),0,3.00,4,4,40,55,35,2,40,55
264,4/22/2021 10:19,39,互填问卷,N/A,125.71.203.164(四川-成都),0,3.00,4,2,5,45,15,2,45,50
265,4/22/2021 10:20,58,互填问卷,N/A,117.136.47.110(河北-沧州),0,3.00,4,2,50,60,40,2,75,50
266,4/22/2021 10:20,100,互填问卷,N/A,113.200.58.224(陕西-西安),0,4.00,5,2,20,55,45,3,70,50
267,4/22/2021 10:20,59,互填问卷,N/A,183.230.12.142(重庆-重庆),0,3.00,4,3,0,50,20,3,30,40
268,4/22/2021 10:21,104,互填问卷,N/A,61.158.152.247(河南-郑州),0,3.00,4,4,40,40,20,3,40,30
269,4/22/2021 10:28,233,互填问卷,N/A,43.250.200.58(湖南-长沙),0,3.00,4,3,50,50,25,3,50,50
270,4/22/2021 10:29,59,互填问卷,N/A,223.104.158.57(江苏-盐城),0,3.00,4,4,10,40,15,4,15,50
271,4/22/2021 10:31,25,互填问卷,N/A,223.104.90.179(广西-南宁),0,3.00,4,3,50,40,50,3,45,55
272,4/22/2021 10:32,87,互填问卷,N/A,61.138.177.14(吉林-长春),0,3.00,4,3,50,60,30,3,60,50
273,4/22/2021 10:32,37,互填问卷,N/A,111.20.174.231(陕西-西安),0,3.00,4,1,35,20,20,2,45,40
274,4/22/2021 10:39,62,互填问卷,N/A,112.4.211.117(江苏-扬州),0,3.00,5,3,50,50,25,3,50,50
275,4/22/2021 10:40,73,互填问卷,N/A,157.0.72.240(江苏-南京),0,3.00,4,2,20,55,20,4,25,45
276,4/22/2021 10:58,92,互填问卷,N/A,120.245.112.135(北京-北京),0,6.00,5,1,50,50,40,3,50,50
277,4/22/2021 11:01,101,互填问卷,N/A,221.238.231.201(天津-天津),0,3.00,4,3,50,50,70,2,50,50
278,4/22/2021 11:03,102,互填问卷,N/A,110.229.37.56(河北-保定),0,3.00,4,3,45,55,25,3,50,50
279,4/22/2021 11:39,54,互填问卷,N/A,223.104.36.70(安徽-未知),1,3.00,5,3,35,40,30,3,40,50
280,4/22/2021 11:47,52,互填问卷,N/A,223.104.65.133(广东-东莞),0,3.00,4,3,50,50,25,3,50,50
281,4/22/2021 11:49,16,互填问卷,N/A,223.71.37.162(北京-北京),1,3.00,4,4,50,30,20,3,40,40
282,4/22/2021 12:02,26,互填问卷,N/A,218.12.15.16(河北-石家庄),1,2.00,4,5,5,5,35,3,20,50
283,4/22/2021 12:07,18,互填问卷,N/A,202.114.3.28(湖北-武汉),0,1.00,1,5,30,50,50,3,30,30
284,4/22/2021 12:19,13,互填问卷,N/A,182.149.105.186(四川-成都),1,3.00,3,1,25,15,25,3,25,55
285,4/22/2021 12:23,175,互填问卷,N/A,183.92.250.64(湖北-武汉),0,2.00,4,1,50,50,25,1,50,50
286,4/22/2021 12:25,96,互填问卷,N/A,36.18.230.44(浙江-杭州),0,3.00,4,3,15,60,20,5,40,35
287,4/22/2021 12:26,48,互填问卷,N/A,111.26.192.92(吉林-长春),0,3.00,4,3,75,50,55,1,60,35
288,4/22/2021 12:27,180,互填问卷,N/A,219.142.99.23(北京-北京),0,3.00,4,3,30,40,50,3,20,40
289,4/22/2021 12:31,525,互填问卷,N/A,222.169.178.144(吉林-白山),0,3.00,4,1,25,50,25,3,50,50
290,4/22/2021 15:33,41,互填问卷,N/A,223.104.131.199(湖南-长沙),0,3.00,4,4,25,50,50,3,60,55
291,4/22/2021 15:36,36,互填问卷,N/A,58.212.132.184(江苏-南京),0,3.00,4,3,50,50,25,3,50,50
292,4/22/2021 15:39,18,互填问卷,N/A,223.104.160.92(浙江-未知),0,3.00,4,4,20,10,10,2,60,30
293,4/22/2021 15:40,71,互填问卷,N/A,123.147.249.192(重庆-重庆),1,2.00,4,3,50,50,25,3,50,50
294,4/22/2021 15:40,22,互填问卷,N/A,14.105.85.187(重庆-重庆),1,3.00,4,5,50,30,10,3,20,55
295,4/22/2021 15:40,129,互填问卷,N/A,223.104.189.17(山东-青岛),0,3.00,5,3,40,40,30,4,50,50
296,4/22/2021 15:40,44,互填问卷,N/A,39.144.109.64(山东-未知),0,2.00,4,3,50,45,5,2,40,35
297,4/22/2021 15:43,92,互填问卷,N/A,117.136.4.177(山西-太原),0,3.00,4,3,25,35,25,2,15,25
298,4/22/2021 16:34,84,互填问卷,N/A,139.207.10.244(四川-成都),0,2.00,4,3,20,40,30,3,45,45
299,4/22/2021 18:10,2,互填问卷,N/A,42.247.38.187(重庆-重庆),0,13.00,6,4,5,85,15,5,30,20
300,4/22/2021 18:13,84,互填问卷,N/A,101.228.8.29(上海-上海),1,1.00,1,3,50,50,25,3,50,50
301,4/22/2021 18:48,85,互填问卷,N/A,36.17.37.56(浙江-杭州),1,3.00,4,3,30,60,30,3,50,60
302,4/22/2021 18:49,13,互填问卷,N/A,118.113.89.72(四川-成都),1,1.00,3,3,55,50,20,3,30,20
303,4/22/2021 18:56,60,互填问卷,N/A,220.202.215.105(湖南-长沙),0,3.00,5,3,50,50,25,3,50,50
304,4/22/2021 19:04,91,互填问卷,N/A,223.104.21.197(湖南-长沙),0,3.00,4,2,50,50,25,3,50,50
305,4/22/2021 19:11,40,互填问卷,N/A,218.12.14.38(河北-石家庄),0,3.00,5,4,20,50,30,3,50,50
306,4/22/2021 20:42,31,互填问卷,N/A,106.34.195.73(河南-郑州),0,3.00,4,3,15,40,40,2,50,40
307,4/22/2021 20:44,63,互填问卷,N/A,117.136.66.124(江苏-南京),0,3.00,4,3,10,50,45,2,50,50
308,4/22/2021 20:46,62,互填问卷,N/A,124.133.56.199(山东-济南),1,3.00,4,2,50,50,25,2,50,50
309,4/22/2021 20:46,46,互填问卷,N/A,223.104.189.62(山东-青岛),1,3.00,4,1,50,50,25,3,50,50
310,4/22/2021 20:47,92,互填问卷,N/A,39.164.42.14(河南-洛阳),1,3.00,4,1,50,50,25,3,50,50
311,4/22/2021 20:48,172,互填问卷,N/A,117.152.208.221(湖北-武汉),0,3.00,4,4,30,50,20,3,50,50
312,4/22/2021 20:48,38,互填问卷,N/A,117.136.77.103(山东-济南),1,3.00,4,4,40,50,30,3,40,50
313,4/22/2021 20:50,87,互填问卷,N/A,117.136.105.24(河南-安阳),1,2.00,4,2,55,55,10,4,35,45
314,4/22/2021 20:51,58,互填问卷,N/A,106.127.205.26(广西-南宁),0,3.00,4,3,50,50,25,3,45,40
315,4/22/2021 20:51,90,互填问卷,N/A,113.71.63.198(广东-佛山),0,3.00,4,1,50,50,25,3,50,50
316,4/22/2021 20:51,65,互填问卷,N/A,113.137.163.243(陕西-榆林),0,3.00,4,3,30,40,55,2,65,65
317,4/22/2021 20:55,27,互填问卷,N/A,36.154.118.11(江苏-南京),1,3.00,4,5,15,20,35,4,40,60
318,4/22/2021 20:55,52,互填问卷,N/A,139.226.16.99(上海-上海),0,3.00,4,4,35,20,55,3,35,30
319,4/22/2021 22:15,108,互填问卷,N/A,117.136.2.144(河北-保定),0,4.00,4,3,50,50,50,3,50,50
320,4/22/2021 22:16,13,互填问卷,N/A,117.31.63.20(福建-南平),0,5.00,3,3,70,45,30,3,25,35
321,4/22/2021 22:16,44,互填问卷,N/A,183.94.104.227(湖北-武汉),1,2.00,4,3,50,50,25,3,50,50
322,4/22/2021 22:17,12,互填问卷,N/A,112.224.67.202(山东-青岛),1,6.00,3,4,20,40,25,3,45,50
323,4/22/2021 22:18,52,互填问卷,N/A,223.104.39.48(北京-北京),0,3.00,4,3,50,50,20,3,50,50
324,4/22/2021 22:20,88,互填问卷,N/A,106.127.23.38(广西-南宁),0,3.00,4,3,20,50,40,3,30,55
325,4/22/2021 22:21,54,互填问卷,N/A,117.181.48.81(广西-南宁),0,3.00,4,4,15,50,25,3,50,50
326,4/23/2021 1:01,21,互填问卷,N/A,93.42.65.30(国外-意大利),1,3.00,1,4,20,30,10,5,30,50
327,4/23/2021 1:17,13,互填问卷,N/A,106.127.223.138(广西-南宁),0,4.00,2,3,20,20,5,3,90,20
328,4/23/2021 7:27,68,互填问卷,N/A,223.104.13.11(河北-石家庄),0,2.00,4,3,10,50,15,3,50,50
329,4/23/2021 8:07,14,互填问卷,N/A,60.255.85.237(四川-成都),0,3.00,4,3,25,15,10,2,25,20
330,4/23/2021 15:36,20,互填问卷,N/A,117.136.95.26(山东-青岛),1,3.00,4,3,10,10,20,3,20,25
331,4/23/2021 15:38,54,互填问卷,N/A,27.17.20.178(湖北-武汉),0,3.00,4,1,30,55,55,3,55,55
332,4/23/2021 15:40,32,互填问卷,N/A,112.39.126.85(辽宁-锦州),0,7.00,3,4,65,25,40,1,35,10
333,4/23/2021 15:40,42,互填问卷,N/A,172.104.83.75(国外-日本),0,3.00,5,2,55,55,60,3,40,60
334,4/23/2021 15:42,72,互填问卷,N/A,101.206.168.93(四川-成都),0,2.00,4,3,50,50,35,3,50,50
335,4/23/2021 16:02,15,互填问卷,N/A,1.85.61.101(陕西-西安),0,5.00,3,3,35,45,40,3,25,35
336,4/23/2021 16:03,87,互填问卷,N/A,115.156.141.226(湖北-武汉),0,2.00,4,4,30,20,50,2,45,20
337,4/23/2021 16:04,18,互填问卷,N/A,36.153.167.231(江苏-南通),0,3.00,3,4,40,30,10,5,40,60
338,4/24/2021 22:00,65,互填问卷,N/A,112.37.128.128(山东-聊城),0,3.00,4,1,50,45,25,3,45,35
339,4/24/2021 22:01,100,互填问卷,N/A,183.39.139.90(广东-深圳),1,2.00,3,3,15,40,30,4,25,45
340,4/24/2021 22:02,13,互填问卷,N/A,120.231.107.72(广东-中山),0,9.00,3,3,20,10,60,2,20,10
341,4/24/2021 22:02,25,互填问卷,N/A,219.157.149.234(河南-郑州),1,3.00,4,4,25,15,20,3,30,30
342,4/24/2021 22:18,38,互填问卷,N/A,101.206.171.98(四川-成都),0,2.00,4,3,40,55,30,5,25,25
343,4/24/2021 23:14,17,互填问卷,N/A,106.122.27.131(福建-福州),1,3.00,3,5,60,20,30,4,10,95
344,4/24/2021 23:18,59,互填问卷,N/A,223.104.189.205(山东-济南),0,3.00,4,5,15,50,25,3,15,50
345,4/25/2021 8:36,141,互填问卷,N/A,223.104.65.156(广东-东莞),0,3.00,4,4,30,60,60,3,50,50
346,4/25/2021 8:36,15,互填问卷,N/A,117.136.117.68(安徽-合肥),0,3.00,3,3,25,25,60,3,50,20
347,4/25/2021 8:37,69,互填问卷,N/A,223.104.49.23(福建-厦门),0,3.00,4,3,50,50,25,3,50,50
348,4/25/2021 8:41,46,互填问卷,N/A,183.92.250.228(湖北-武汉),0,3.00,4,4,50,50,25,3,25,85
349,4/25/2021 8:43,71,互填问卷,N/A,211.97.3.182(广东-广州),1,2.00,4,3,45,55,55,4,45,45
350,4/25/2021 8:47,13,互填问卷,N/A,112.6.124.185(山东-青岛),0,2.00,1,5,0,5,65,1,15,15
351,4/25/2021 8:51,76,互填问卷,N/A,36.154.8.45(江苏-常州),1,3.00,4,4,50,50,25,3,40,50
352,4/25/2021 8:51,44,互填问卷,N/A,1.30.7.223(内蒙古-呼和浩特),0,3.00,4,3,50,55,10,3,20,50
353,4/25/2021 8:52,67,互填问卷,N/A,183.233.227.43(广东-汕头),0,3.00,4,3,40,50,20,3,50,40
354,4/25/2021 8:53,61,互填问卷,N/A,183.39.168.52(广东-深圳),1,3.00,4,2,40,50,50,2,25,50
355,4/25/2021 8:55,104,互填问卷,N/A,111.197.21.71(北京-北京),0,7.00,4,2,50,50,25,3,50,50
356,4/25/2021 8:55,133,互填问卷,N/A,27.217.161.253(山东-烟台),1,3.00,4,4,0,45,25,3,50,50
357,4/25/2021 9:03,70,互填问卷,N/A,218.29.154.254(河南-三门峡),0,3.00,4,3,10,50,25,3,50,50
358,4/25/2021 9:11,119,互填问卷,N/A,223.104.1.217(广东-江门),0,3.00,4,3,10,40,20,3,45,55
359,4/25/2021 9:13,33,互填问卷,N/A,112.224.150.19(山东-未知),0,2.00,4,3,40,50,45,3,60,70
360,4/25/2021 9:15,12,互填问卷,N/A,112.96.173.48(广东-广州),1,2.00,1,5,5,5,5,5,5,5
361,4/25/2021 9:16,19,互填问卷,N/A,223.104.66.87(广东-深圳),1,3.00,3,5,5,5,5,5,5,5
362,4/25/2021 9:16,51,互填问卷,N/A,125.42.101.2(河南-郑州),0,3.00,5,2,50,50,25,3,50,50
363,4/25/2021 9:18,62,互填问卷,N/A,61.158.152.206(河南-郑州),0,3.00,4,3,5,60,50,2,35,50
364,4/25/2021 9:18,64,互填问卷,N/A,106.44.131.179(陕西-榆林),0,3.00,4,2,50,55,25,3,50,50
365,4/25/2021 9:18,118,互填问卷,N/A,116.169.7.25(四川-成都),0,3.00,4,2,25,25,20,4,25,25
366,4/25/2021 9:20,132,互填问卷,N/A,39.144.23.252(河南-郑州),0,3.00,4,3,45,50,25,2,35,50
367,4/25/2021 9:24,155,互填问卷,N/A,112.97.52.226(广东-深圳),1,3.00,4,2,50,50,25,2,50,50
368,4/25/2021 9:25,41,互填问卷,N/A,182.118.255.47(河南-郑州),1,3.00,4,3,30,30,20,2,60,30
369,4/25/2021 9:25,56,互填问卷,N/A,103.85.144.77(贵州-贵阳),0,4.00,4,2,50,50,50,2,50,50
370,4/25/2021 9:27,116,互填问卷,N/A,223.104.218.252(四川-成都),0,3.00,4,3,20,60,35,4,45,50
371,4/25/2021 9:27,111,互填问卷,N/A,183.251.216.10(福建-漳州),0,3.00,4,4,20,45,40,2,50,50
372,4/25/2021 9:27,44,互填问卷,N/A,112.224.70.41(山东-青岛),0,3.00,4,3,50,80,50,3,50,50
373,4/25/2021 9:28,55,互填问卷,N/A,183.253.127.69(福建-莆田),1,2.00,4,2,50,50,25,3,50,50
374,4/25/2021 9:30,89,互填问卷,N/A,36.98.192.95(河北-未知),0,3.00,4,2,50,50,25,3,25,50
375,4/25/2021 9:30,33,互填问卷,N/A,203.168.25.185(广东-广州),0,2.00,2,3,15,50,35,3,35,35
376,4/25/2021 9:35,13,互填问卷,N/A,14.24.129.89(广东-广州),1,1.00,4,2,15,25,20,5,35,25
377,4/25/2021 9:37,32,互填问卷,N/A,180.169.184.46(上海-上海),0,3.00,4,2,50,45,30,3,40,50
378,4/25/2021 9:37,173,互填问卷,N/A,223.104.66.95(广东-深圳),1,5.00,3,1,50,50,25,3,50,50
379,4/25/2021 9:40,85,互填问卷,N/A,223.104.189.112(山东-青岛),0,2.00,4,1,50,50,25,5,50,50
380,4/25/2021 9:41,78,互填问卷,N/A,111.76.36.109(江西-南昌),0,3.00,4,3,50,50,25,3,50,50
381,4/25/2021 9:45,58,互填问卷,N/A,223.104.45.219(福建-泉州),0,3.00,4,3,45,55,50,2,50,50
382,4/25/2021 13:50,12,互填问卷,N/A,110.167.157.143(青海-西宁),0,3.00,5,3,20,20,45,3,20,60
383,4/25/2021 13:54,16,互填问卷,N/A,39.161.242.35(江西-南昌),0,4.00,5,2,35,35,35,4,15,55
384,4/25/2021 13:55,76,互填问卷,N/A,171.120.212.245(山西-太原),0,3.00,4,2,50,50,30,3,40,50
385,4/25/2021 13:57,76,互填问卷,N/A,124.240.21.59(广东-广州),0,3.00,4,2,45,50,40,2,40,40
386,4/25/2021 13:57,80,互填问卷,N/A,125.65.75.90(四川-绵阳),1,3.00,4,1,55,50,30,2,55,50
387,4/25/2021 14:00,64,互填问卷,N/A,223.104.191.122(山东-济南),0,3.00,4,3,15,25,55,4,25,30
388,4/25/2021 14:26,37,互填问卷,N/A,218.4.87.254(江苏-苏州),0,3.00,4,4,30,20,10,4,10,10
389,4/25/2021 20:37,68,互填问卷,N/A,219.138.15.190(湖北-荆州),0,3.00,4,3,50,50,25,3,50,50
390,4/25/2021 20:38,57,互填问卷,N/A,221.192.180.158(河北-秦皇岛),1,3.00,4,3,35,50,45,3,20,30
391,4/25/2021 20:39,63,互填问卷,N/A,112.224.136.133(山东-烟台),0,3.00,4,2,50,50,25,2,50,50
392,4/25/2021 20:39,10,互填问卷,N/A,115.236.14.157(浙江-杭州),1,5.00,2,3,10,50,10,3,20,10
393,4/26/2021 1:36,143,互填问卷,N/A,118.212.213.178(江西-南昌),0,3.00,4,4,5,45,25,2,50,50
394,4/26/2021 11:24,42,互填问卷,N/A,45.33.45.65(国外-美国),1,5.00,4,3,50,50,50,2,25,50
395,4/26/2021 11:25,23,互填问卷,N/A,14.108.201.24(重庆-重庆),1,1.00,2,5,20,55,30,5,45,55
396,4/26/2021 11:27,23,互填问卷,N/A,123.149.113.79(河南-郑州),0,3.00,4,4,20,40,90,3,10,50
397,4/26/2021 11:31,49,互填问卷,N/A,223.104.94.236(贵州-贵阳),0,2.00,1,1,40,50,20,3,20,50
398,4/26/2021 11:34,81,互填问卷,N/A,112.22.169.120(江苏-南京),1,3.00,4,4,50,50,25,4,50,50
399,4/26/2021 11:36,49,互填问卷,N/A,180.161.199.218(上海-上海),0,3.00,5,1,60,55,25,3,55,60
400,4/26/2021 11:39,23,互填问卷,N/A,111.9.12.84(四川-成都),1,3.00,4,3,20,20,50,3,50,70
401,4/26/2021 12:37,11,互填问卷,N/A,124.76.63.132(上海-上海),0,1.00,3,3,35,60,40,1,25,15
402,4/26/2021 19:39,106,互填问卷,N/A,183.198.108.205(河北-秦皇岛),0,3.00,4,3,30,40,30,4,45,50
403,4/26/2021 20:42,19,互填问卷,N/A,36.184.221.135(新疆-乌鲁木齐),0,3.00,4,3,10,20,20,3,20,30
404,4/26/2021 20:44,48,互填问卷,N/A,183.194.150.3(上海-上海),0,3.00,4,3,40,65,35,3,35,50
405,4/26/2021 20:50,29,互填问卷,N/A,117.21.5.5(江西-南昌),0,7.00,4,4,5,10,5,4,25,35
406,4/26/2021 20:58,21,互填问卷,N/A,60.25.57.196(天津-天津),1,3.00,4,4,30,20,20,3,70,35
407,4/26/2021 20:59,20,互填问卷,N/A,115.156.141.190(湖北-武汉),0,8.00,4,1,85,45,25,2,45,75
408,4/26/2021 21:01,95,互填问卷,N/A,157.0.207.94(江苏-徐州),1,3.00,4,3,30,50,40,2,30,50
409,4/26/2021 21:02,13,互填问卷,N/A,27.213.211.138(山东-烟台),0,3.00,2,3,40,70,10,2,90,70
410,4/26/2021 21:02,71,互填问卷,N/A,118.115.53.135(四川-成都),0,2.00,4,1,50,45,25,3,50,50
411,4/26/2021 21:05,194,互填问卷,N/A,119.32.47.31(广东-广州),1,4.00,3,2,50,50,25,2,50,50
412,4/26/2021 21:16,45,互填问卷,N/A,117.136.101.227(安徽-合肥),1,3.00,4,5,5,50,25,3,50,50
413,4/26/2021 21:18,72,互填问卷,N/A,223.104.214.42(四川-宜宾),0,4.00,5,1,50,50,25,2,50,50
414,4/26/2021 21:35,21,互填问卷,N/A,120.208.119.221(山西-太原),0,2.00,4,4,35,25,20,3,15,45
415,4/26/2021 21:40,159,互填问卷,N/A,120.221.100.67(山东-济南),0,3.00,4,3,40,60,30,3,40,40
416,4/26/2021 21:41,29,互填问卷,N/A,183.230.225.9(重庆-重庆),0,3.00,4,4,10,95,80,4,60,90
417,4/26/2021 23:59,94,互填问卷,N/A,223.104.20.231(湖北-武汉),0,4.00,6,3,50,50,25,3,50,50
418,4/26/2021 23:59,43,互填问卷,N/A,117.136.89.126(湖南-长沙),1,3.00,5,2,50,50,25,3,50,50
419,4/27/2021 0:00,55,互填问卷,N/A,175.214.244.150(国外-韩国),0,3.00,5,3,50,50,25,3,50,50
420,4/27/2021 0:01,72,互填问卷,N/A,183.230.225.4(重庆-重庆),1,3.00,4,1,65,50,25,3,65,65
421,4/27/2021 0:49,99,互填问卷,N/A,49.90.61.198(江苏-南京),0,3.00,4,1,20,50,10,2,20,50
422,4/27/2021 0:50,87,互填问卷,N/A,112.9.107.43(山东-青岛),1,3.00,4,3,35,50,50,3,65,50
423,4/27/2021 1:25,58,互填问卷,N/A,223.74.79.3(广东-佛山),1,3.00,4,1,0,60,40,2,50,50
424,4/27/2021 2:18,581,互填问卷,N/A,120.192.6.62(山东-济南),0,3.00,4,3,5,50,5,5,5,50
425,4/27/2021 2:20,55,互填问卷,N/A,117.136.68.79(江苏-徐州),0,3.00,4,2,50,60,25,3,50,50
426,4/27/2021 4:19,67,互填问卷,N/A,61.158.152.97(河南-郑州),1,3.00,4,3,50,50,25,3,50,50
427,4/27/2021 5:14,93,互填问卷,N/A,5.151.189.161(国外-英国),0,4.00,5,3,35,50,75,3,50,50
428,4/27/2021 7:09,33,互填问卷,N/A,140.207.23.144(上海-上海),0,2.00,4,4,25,20,25,4,70,35
429,4/27/2021 7:27,89,互填问卷,N/A,101.87.242.78(上海-上海),0,1.00,2,3,50,50,45,2,30,40
430,4/27/2021 7:47,103,互填问卷,N/A,220.189.75.160(浙江-嘉兴),0,3.00,4,3,40,50,25,3,50,50
431,4/27/2021 9:00,26,互填问卷,N/A,223.104.14.78(山西-太原),0,3.00,4,4,65,65,55,4,65,60
432,4/27/2021 9:01,27,互填问卷,N/A,223.104.246.92(浙江-杭州),0,3.00,4,2,35,45,55,3,35,50
433,4/27/2021 9:02,46,互填问卷,N/A,58.220.32.93(江苏-扬州),0,3.00,4,3,50,50,25,3,50,50
434,4/27/2021 9:04,18,互填问卷,N/A,110.16.13.26(内蒙古-包头),1,5.00,4,4,20,20,30,3,10,10
435,4/27/2021 13:48,73,互填问卷,N/A,218.104.155.137(湖南-长沙),0,3.00,4,3,50,50,25,3,50,50
436,4/27/2021 13:52,41,互填问卷,N/A,182.135.64.140(四川-内江),0,3.00,4,3,40,60,20,4,80,60
437,4/27/2021 13:52,62,互填问卷,N/A,171.10.94.237(河南-郑州),1,3.00,4,3,50,50,20,4,50,50
438,4/27/2021 13:53,56,互填问卷,N/A,115.196.225.53(浙江-杭州),0,3.00,4,3,50,50,25,3,50,50
439,4/27/2021 13:53,87,互填问卷,N/A,27.128.105.68(河北-石家庄),0,3.00,4,3,50,50,25,3,50,50
440,4/27/2021 13:54,127,互填问卷,N/A,223.104.193.116(山东-东营),1,3.00,4,3,50,50,30,3,50,50
441,4/27/2021 13:55,559,互填问卷,N/A,27.45.145.129(广东-佛山),0,2.00,4,4,30,60,20,2,40,45
442,4/27/2021 13:55,75,互填问卷,N/A,117.136.64.92(四川-成都),0,3.00,4,1,50,50,25,2,50,50
443,4/27/2021 13:55,54,互填问卷,N/A,122.100.178.118(澳门-未知),0,3.00,4,1,50,60,50,2,50,50
444,4/27/2021 13:55,47,互填问卷,N/A,117.152.70.248(湖北-武汉),1,3.00,4,3,35,50,25,3,45,55
445,4/27/2021 13:56,59,互填问卷,N/A,117.136.69.57(四川-成都),0,3.00,4,3,10,50,20,3,50,50
446,4/27/2021 14:00,49,互填问卷,N/A,118.74.53.15(山西-晋中),0,3.00,4,1,50,50,25,3,25,50
447,4/27/2021 14:04,23,互填问卷,N/A,27.194.218.253(山东-烟台),0,5.00,4,4,25,40,25,3,35,20
448,4/27/2021 14:09,67,互填问卷,N/A,39.159.88.46(江西-南昌),0,3.00,4,3,30,50,25,3,35,40
449,4/27/2021 14:09,49,互填问卷,N/A,117.136.68.125(江苏-常州),0,4.00,4,3,30,30,35,3,30,30
450,4/27/2021 14:09,125,互填问卷,N/A,223.104.39.146(北京-北京),1,3.00,4,5,50,50,20,1,20,50
451,4/27/2021 14:09,84,互填问卷,N/A,120.204.78.173(上海-上海),1,3.00,4,1,50,50,25,4,50,50
452,4/27/2021 14:11,112,互填问卷,N/A,106.19.21.144(湖南-长沙),0,3.00,4,3,40,45,15,3,45,45
453,4/27/2021 14:11,153,互填问卷,N/A,36.148.122.141(湖南-张家界),1,8.00,4,1,50,50,25,1,50,50
454,4/27/2021 14:17,80,互填问卷,N/A,202.193.15.71(广西-桂林),0,3.00,4,1,50,50,25,5,50,50
455,4/27/2021 14:17,59,互填问卷,N/A,222.184.243.181(江苏-南通),0,3.00,4,2,50,55,25,3,50,50
456,4/27/2021 14:26,65,互填问卷,N/A,124.240.1.30(广东-广州),0,3.00,4,3,40,50,30,4,55,50
457,4/27/2021 14:31,23,互填问卷,N/A,171.218.36.136(四川-成都),1,4.00,3,3,25,45,40,3,40,50
458,4/27/2021 15:09,84,互填问卷,N/A,122.206.190.8(河南-郑州),0,3.00,4,1,50,50,25,3,50,50
459,4/27/2021 15:14,34,互填问卷,N/A,223.104.102.246(河北-秦皇岛),0,3.00,4,3,50,50,50,3,25,50
460,4/27/2021 17:06,15,互填问卷,N/A,117.136.31.160(广东-广州),1,8.00,2,3,45,45,10,1,60,45
461,4/27/2021 17:06,53,互填问卷,N/A,115.199.101.80(浙江-杭州),1,3.00,4,3,50,50,25,3,50,50
462,4/27/2021 17:07,15,互填问卷,N/A,183.222.35.11(四川-达州),1,3.00,1,3,0,60,70,3,10,40
463,4/27/2021 17:08,107,互填问卷,N/A,223.93.160.245(浙江-杭州),0,3.00,4,3,45,55,10,4,55,55
464,4/27/2021 17:09,89,互填问卷,N/A,123.160.10.131(河南-新乡),1,3.00,4,1,50,50,25,2,50,50
465,4/27/2021 19:53,33,互填问卷,N/A,221.7.112.24(重庆-重庆),0,2.00,4,3,0,20,45,3,70,65
466,4/27/2021 19:53,33,互填问卷,N/A,36.18.241.238(浙江-杭州),1,3.00,4,4,60,40,50,3,40,50
467,4/27/2021 19:57,61,互填问卷,N/A,112.32.54.208(安徽-合肥),0,3.00,4,2,50,50,25,3,50,50
468,4/28/2021 0:35,93,互填问卷,N/A,223.104.105.222(河南-郑州),0,3.00,4,2,60,50,50,2,75,50
469,4/28/2021 0:36,22,互填问卷,N/A,211.97.6.126(广东-广州),0,3.00,4,5,20,15,15,3,40,20
470,4/28/2021 8:51,63,互填问卷,N/A,125.47.18.161(河南-郑州),0,3.00,4,3,50,50,25,3,50,50
471,4/28/2021 8:52,63,互填问卷,N/A,39.144.190.81(湖南-长沙),1,3.00,4,4,50,60,25,4,40,50
472,4/28/2021 8:55,51,互填问卷,N/A,61.158.208.1(河南-郑州),0,3.00,4,3,20,50,20,4,50,50
473,4/28/2021 8:55,116,互填问卷,N/A,182.126.74.113(河南-开封),0,3.00,4,3,15,50,15,4,25,45
474,4/28/2021 8:57,80,互填问卷,N/A,60.14.254.144(黑龙江-牡丹江),0,5.00,4,4,50,45,40,3,55,35
475,4/28/2021 9:00,76,互填问卷,N/A,116.95.142.118(内蒙古-通辽),0,3.00,4,3,5,50,35,2,25,50
476,4/28/2021 11:03,43,互填问卷,N/A,61.242.148.76(江西-南昌),0,3.00,5,1,50,50,25,3,50,50
477,4/28/2021 11:04,55,互填问卷,N/A,58.128.2.77(北京-北京),0,2.00,4,2,15,50,35,2,35,50
478,4/28/2021 11:04,77,互填问卷,N/A,223.104.101.187(河北-秦皇岛),1,6.00,5,3,15,30,25,2,55,50
479,4/28/2021 11:07,12,互填问卷,N/A,118.123.175.50(四川-成都),1,5.00,2,3,50,30,20,3,40,30
480,4/28/2021 11:10,96,互填问卷,N/A,223.104.187.81(山东-青岛),0,3.00,4,3,40,55,30,4,45,45
481,4/28/2021 11:27,28,互填问卷,N/A,101.206.170.15(四川-成都),0,2.00,4,3,15,45,15,2,55,25
482,4/28/2021 11:47,119,互填问卷,N/A,183.90.36.245(国外-新加坡),0,3.00,3,4,25,60,45,3,25,50
483,4/28/2021 12:48,39,互填问卷,N/A,122.193.109.134(江苏-苏州),0,3.00,4,3,50,50,50,2,50,50
484,4/28/2021 18:19,31,互填问卷,N/A,223.104.107.54(河南-未知),0,3.00,4,3,5,5,5,3,5,55
485,4/28/2021 22:43,27,互填问卷,N/A,223.73.72.144(广东-珠海),0,3.00,2,5,5,50,15,4,15,15
486,4/28/2021 22:44,62,互填问卷,N/A,123.147.250.10(重庆-重庆),1,2.00,4,3,75,50,25,2,50,50
487,4/28/2021 22:45,103,互填问卷,N/A,125.90.50.186(广东-湛江),0,3.00,4,2,50,60,25,3,50,50
488,4/28/2021 22:46,72,互填问卷,N/A,183.208.50.190(江苏-苏州),0,3.00,4,3,0,50,25,3,50,50
489,4/28/2021 22:46,131,互填问卷,N/A,39.144.21.59(河南-安阳),0,3.00,4,2,50,50,25,3,50,50
490,4/28/2021 22:48,60,互填问卷,N/A,111.17.215.90(山东-泰安),1,3.00,4,3,0,50,25,3,50,50
491,4/28/2021 22:48,89,互填问卷,N/A,110.176.178.34(山西-太原),0,3.00,4,1,50,55,45,3,40,40
492,4/28/2021 22:48,197,互填问卷,N/A,111.29.80.13(海南-三亚),1,2.00,4,3,50,50,30,3,50,45
493,4/29/2021 7:42,68,互填问卷,N/A,223.90.43.210(河南-焦作),0,2.00,4,3,45,50,45,3,50,50
494,4/29/2021 8:46,24,互填问卷,N/A,211.137.141.22(陕西-西安),1,4.00,4,4,65,30,10,4,40,10
495,4/29/2021 9:04,31,互填问卷,N/A,106.39.110.7(北京-北京),0,3.00,4,3,55,40,55,3,50,30
496,4/29/2021 9:06,26,互填问卷,N/A,60.178.102.181(浙江-宁波),0,3.00,4,4,5,15,20,3,15,45
497,4/29/2021 9:11,45,互填问卷,N/A,106.109.35.52(贵州-贵阳),1,3.00,4,4,30,45,55,3,20,25
498,4/29/2021 9:13,58,互填问卷,N/A,223.104.215.115(四川-成都),1,3.00,4,3,40,40,40,2,55,75
499,4/29/2021 9:58,12,互填问卷,N/A,171.223.73.61(四川-成都),1,7.00,4,3,30,50,65,5,10,45
500,4/29/2021 20:14,22,互填问卷,N/A,117.136.24.201(湖南-长沙),1,3.00,5,3,25,45,50,2,40,40
501,4/29/2021 20:15,70,互填问卷,N/A,39.152.15.11(辽宁-沈阳),0,3.00,5,1,25,35,35,3,50,50
502,4/29/2021 20:16,48,互填问卷,N/A,223.104.145.56(江苏-镇江),0,3.00,4,3,50,50,25,3,50,50
503,4/29/2021 20:16,61,互填问卷,N/A,171.92.154.130(四川-成都),1,4.00,4,3,50,55,25,3,50,50
504,4/29/2021 20:17,72,互填问卷,N/A,117.136.81.212(湖北-武汉),1,1.00,3,4,25,20,25,3,25,15
505,4/29/2021 20:17,96,互填问卷,N/A,117.136.30.216(重庆-重庆),1,3.00,4,1,50,60,20,3,60,60
506,4/29/2021 20:19,167,互填问卷,N/A,171.214.167.167(四川-成都),0,3.00,4,2,50,50,25,2,50,50
507,4/29/2021 20:26,109,互填问卷,N/A,49.75.233.82(江苏-苏州),0,7.00,4,5,25,55,35,3,40,50
508,4/29/2021 20:28,17,互填问卷,N/A,115.156.143.216(湖北-武汉),1,5.00,4,4,20,60,30,3,65,45
509,4/29/2021 20:30,17,互填问卷,N/A,124.161.176.168(四川-雅安),0,7.00,3,4,55,45,10,4,20,10
510,4/29/2021 20:32,50,互填问卷,N/A,113.68.236.4(广东-广州),0,3.00,5,5,60,50,50,3,45,55
511,4/29/2021 20:35,57,互填问卷,N/A,125.210.251.157(浙江-杭州),1,1.00,1,1,30,50,50,2,50,50
512,4/29/2021 21:37,51,互填问卷,N/A,115.156.141.34(湖北-武汉),0,3.00,5,2,35,70,20,2,35,55
513,4/30/2021 12:07,44,互填问卷,N/A,220.115.159.8(广东-广州),0,3.00,4,3,35,55,40,3,60,55
514,4/30/2021 21:59,64,互填问卷,N/A,223.104.244.209(浙江-杭州),0,3.00,4,2,40,50,20,3,45,50
515,4/30/2021 22:01,65,互填问卷,N/A,110.191.173.165(四川-成都),1,3.00,4,1,50,55,25,3,50,50
87,4/11/2021 10:39,29,互填问卷,N/A,61.158.152.177(河南-郑州),1,3.00,4,2,0,,15,3,,
88,4/11/2021 10:39,43,互填问卷,N/A,58.243.254.110(安徽-合肥),0,3.00,5,3,50,,50,4,,
89,4/11/2021 10:39,53,互填问卷,N/A,61.158.152.95(河南-郑州),0,3.00,4,1,50,,30,3,,
90,4/11/2021 10:39,56,互填问卷,N/A,117.88.30.218(江苏-南京),0,3.00,4,2,50,,30,2,,
91,4/11/2021 10:39,53,互填问卷,N/A,112.10.182.139(浙江-杭州),1,2.00,4,4,50,,50,3,,
92,4/11/2021 10:39,63,互填问卷,N/A,110.249.243.216(河北-石家庄),0,3.00,4,2,25,,25,3,,
93,4/11/2021 10:39,31,互填问卷,N/A,117.140.171.157(广西-桂林),1,4.00,6,4,65,,65,2,,
94,4/11/2021 10:40,52,互填问卷,N/A,223.104.170.117(江西-南昌),0,3.00,4,3,35,,35,2,,
95,4/11/2021 10:40,73,互填问卷,N/A,218.106.145.22(福建-福州),1,3.00,5,3,50,,25,3,,
96,4/11/2021 10:41,67,互填问卷,N/A,39.186.56.191(浙江-温州),0,1.00,2,3,55,,35,3,,
97,4/11/2021 10:41,19,互填问卷,N/A,117.136.29.179(青海-西宁),1,2.00,4,3,45,,35,3,,
98,4/11/2021 10:41,138,互填问卷,N/A,117.136.31.131(广东-汕头),0,2.00,2,3,5,,25,3,,
99,4/11/2021 10:42,7,互填问卷,N/A,183.254.37.192(海南-海口),0,3.00,4,4,15,,40,3,,
100,4/11/2021 10:42,14,互填问卷,N/A,101.247.114.75(江苏-苏州),1,3.00,4,3,20,,10,2,,
101,4/11/2021 10:42,13,互填问卷,N/A,211.97.128.162(福建-厦门),1,8.00,3,4,45,,20,3,,
102,4/11/2021 10:42,10,互填问卷,N/A,183.239.219.75(广东-韶关),0,5.00,3,3,25,,25,3,,
103,4/11/2021 10:42,21,互填问卷,N/A,180.162.139.246(上海-上海),1,5.00,4,3,55,,50,3,,
104,4/11/2021 10:42,27,互填问卷,N/A,117.136.93.205(山东-济南),0,3.00,2,4,10,,0,3,,
105,4/11/2021 10:42,9,互填问卷,N/A,113.129.175.234(山东-济南),1,3.00,3,4,0,,25,3,,
106,4/11/2021 10:42,11,互填问卷,N/A,39.144.26.41(河南-未知),0,3.00,4,2,30,,30,3,,
107,4/11/2021 10:42,38,互填问卷,N/A,139.226.12.65(上海-上海),1,4.00,4,4,40,,25,3,,
108,4/11/2021 10:42,102,互填问卷,N/A,111.208.112.225(江苏-苏州),0,3.00,4,3,50,,50,3,,
109,4/11/2021 10:42,39,互填问卷,N/A,220.194.147.25(山西-太原),0,3.00,4,2,10,,15,3,,
110,4/11/2021 10:42,30,互填问卷,N/A,117.136.75.199(福建-福州),0,5.00,4,2,50,,20,3,,
111,4/11/2021 10:42,38,互填问卷,N/A,223.104.9.199(四川-成都),0,3.00,4,3,10,,20,3,,
112,4/11/2021 10:42,11,互填问卷,N/A,223.104.189.138(山东-济南),1,5.00,5,4,40,,30,4,,
113,4/11/2021 10:42,53,互填问卷,N/A,223.104.6.63(福建-厦门),0,4.00,4,3,30,,20,3,,
114,4/11/2021 10:42,19,互填问卷,N/A,120.230.195.176(广东-韶关),0,6.00,4,5,45,,20,4,,
115,4/11/2021 10:43,45,互填问卷,N/A,27.149.75.149(福建-福州),1,4.00,4,3,50,,25,3,,
116,4/11/2021 10:43,48,互填问卷,N/A,106.8.182.49(河北-承德),0,5.00,4,3,35,,35,4,,
117,4/11/2021 10:43,37,互填问卷,N/A,218.56.33.83(山东-烟台),1,3.00,4,2,50,,25,3,,
118,4/11/2021 10:43,51,互填问卷,N/A,113.5.16.153(黑龙江-双鸭山),0,5.00,4,3,50,,35,3,,
119,4/11/2021 10:43,26,互填问卷,N/A,223.104.93.110(广西-未知),1,3.00,4,3,50,,25,3,,
120,4/11/2021 10:43,38,互填问卷,N/A,175.0.173.37(湖南-长沙),0,3.00,4,2,30,,50,2,,
121,4/11/2021 10:43,72,互填问卷,N/A,180.164.36.171(上海-上海),0,5.00,4,5,50,,25,5,,
122,4/11/2021 10:43,10,互填问卷,N/A,171.34.213.135(江西-南昌),1,9.00,4,4,20,,10,3,,
123,4/11/2021 10:43,93,互填问卷,N/A,60.31.254.147(内蒙古-呼和浩特),0,3.00,5,2,40,,30,3,,
124,4/11/2021 10:43,10,互填问卷,N/A,111.17.37.249(山东-泰安),0,5.00,4,4,65,,70,3,,
125,4/11/2021 10:43,58,互填问卷,N/A,210.45.137.229(安徽-淮北),1,3.00,4,2,50,,30,2,,
126,4/11/2021 10:43,23,互填问卷,N/A,183.93.9.118(湖北-恩施),0,2.00,5,5,35,,45,3,,
127,4/11/2021 10:43,102,互填问卷,N/A,183.14.18.86(广东-深圳),1,6.00,4,3,10,,30,3,,
128,4/11/2021 10:43,6,互填问卷,N/A,14.30.39.66(广东-广州),1,2.00,3,3,35,,75,2,,
129,4/11/2021 10:43,64,互填问卷,N/A,218.0.5.248(浙江-宁波),1,3.00,4,1,50,,25,1,,
130,4/11/2021 10:43,10,互填问卷,N/A,223.90.41.144(河南-焦作),0,3.00,5,3,25,,20,2,,
131,4/11/2021 10:43,9,互填问卷,N/A,111.17.37.249(山东-泰安),0,7.00,4,3,40,,30,3,,
132,4/11/2021 10:43,17,互填问卷,N/A,39.144.190.54(湖南-长沙),0,3.00,6,4,30,,40,3,,
133,4/11/2021 10:43,102,互填问卷,N/A,183.250.138.223(福建-龙岩),1,7.00,4,4,35,,30,5,,
134,4/11/2021 10:43,11,互填问卷,N/A,222.27.246.5(黑龙江-哈尔滨),1,4.00,6,5,20,,20,4,,
135,4/11/2021 10:43,13,互填问卷,N/A,124.240.39.255(广东-广州),1,5.00,5,5,30,,25,4,,
136,4/11/2021 10:44,80,互填问卷,N/A,218.205.55.219(浙江-杭州),0,3.00,4,3,25,,25,4,,
137,4/11/2021 10:44,12,互填问卷,N/A,117.136.46.235(江苏-镇江),1,3.00,5,5,35,,70,3,,
138,4/11/2021 10:44,24,互填问卷,N/A,123.112.66.200(北京-北京),1,6.00,4,5,50,,25,3,,
139,4/11/2021 10:44,8,互填问卷,N/A,183.37.154.254(广东-深圳),0,2.00,3,3,5,,15,3,,
140,4/11/2021 10:44,12,互填问卷,N/A,117.136.62.198(四川-成都),0,2.00,4,4,35,,40,3,,
141,4/11/2021 10:44,10,互填问卷,N/A,106.18.135.226(湖南-长沙),0,5.00,3,3,5,,20,3,,
142,4/11/2021 10:44,14,互填问卷,N/A,117.136.40.63(广东-惠州),0,4.00,4,3,35,,25,3,,
143,4/11/2021 10:44,16,互填问卷,N/A,60.2.111.49(河北-唐山),1,3.00,5,4,45,,20,3,,
144,4/11/2021 10:44,33,互填问卷,N/A,223.104.147.143(江苏-徐州),0,5.00,4,1,50,,25,1,,
145,4/11/2021 10:44,37,互填问卷,N/A,223.73.231.214(广东-汕头),1,4.00,4,4,50,,20,1,,
146,4/11/2021 10:44,17,互填问卷,N/A,182.124.36.221(河南-安阳),1,5.00,4,4,15,,15,4,,
147,4/11/2021 10:44,33,互填问卷,N/A,117.182.70.53(广西-河池),0,7.00,4,3,5,,5,2,,
148,4/11/2021 10:44,31,互填问卷,N/A,117.136.118.215(安徽-阜阳),1,3.00,4,4,25,,35,4,,
149,4/11/2021 10:44,31,互填问卷,N/A,59.173.166.85(湖北-武汉),0,4.00,4,4,50,,25,3,,
150,4/11/2021 10:44,52,互填问卷,N/A,117.136.3.155(内蒙古-呼和浩特),0,7.00,4,1,50,,25,2,,
151,4/11/2021 10:44,40,互填问卷,N/A,117.136.68.117(江苏-常州),0,6.00,4,4,5,,15,4,,
152,4/11/2021 10:44,46,互填问卷,N/A,112.13.59.26(浙江-温州),1,3.00,4,3,55,,30,3,,
153,4/11/2021 10:44,69,互填问卷,N/A,58.185.113.178(国外-新加坡),0,5.00,5,3,50,,15,4,,
154,4/11/2021 10:45,7,互填问卷,N/A,101.28.20.152(河北-秦皇岛),0,9.00,2,2,25,,20,4,,
155,4/11/2021 10:45,10,互填问卷,N/A,223.104.197.158(山西-未知),0,2.00,3,4,15,,15,3,,
156,4/11/2021 10:45,93,互填问卷,N/A,182.142.109.180(四川-广安),0,4.00,4,2,50,,25,2,,
157,4/11/2021 10:45,12,互填问卷,N/A,110.184.76.106(四川-成都),0,3.00,4,3,25,,30,4,,
158,4/11/2021 10:45,12,互填问卷,N/A,125.70.189.36(四川-成都),1,5.00,4,4,30,,50,4,,
159,4/11/2021 10:45,23,互填问卷,N/A,117.162.228.187(江西-萍乡),0,5.00,4,4,75,,55,3,,
160,4/11/2021 10:45,33,互填问卷,N/A,182.51.86.100(河北-石家庄),1,3.00,4,3,5,,10,4,,
161,4/11/2021 10:46,64,互填问卷,N/A,106.122.86.185(福建-福州),0,2.00,4,3,15,,30,3,,
162,4/11/2021 10:46,18,互填问卷,N/A,117.174.72.49(四川-成都),0,3.00,4,4,15,,10,4,,
163,4/11/2021 10:47,60,互填问卷,N/A,1.68.103.17(山西-太原),0,3.00,4,2,45,,50,3,,
171,4/11/2021 22:51,36,互填问卷,N/A,122.244.123.250(浙江-宁波),0,2.00,4,3,50,,25,3,,
172,4/11/2021 22:54,17,互填问卷,N/A,183.213.60.40(江苏-苏州),1,4.00,2,3,30,,35,2,,
173,4/11/2021 22:55,28,互填问卷,N/A,223.104.159.129(浙江-杭州),0,3.00,5,3,45,,25,3,,
174,4/11/2021 22:55,42,互填问卷,N/A,111.59.121.36(广西-桂林),0,2.00,4,3,50,,50,2,,
175,4/11/2021 22:55,57,互填问卷,N/A,36.152.23.74(江苏-南京),0,3.00,4,4,30,,25,3,,
176,4/11/2021 22:57,49,互填问卷,N/A,111.30.236.75(天津-天津),0,3.00,4,2,50,,25,2,,
177,4/11/2021 22:58,50,互填问卷,N/A,139.207.121.8(四川-成都),0,3.00,4,3,50,,15,4,,
178,4/11/2021 22:59,80,互填问卷,N/A,125.91.244.96(广东-潮州),0,3.00,4,2,50,,50,2,,
179,4/11/2021 23:04,16,互填问卷,N/A,223.104.240.133(云南-未知),1,2.00,1,4,20,,15,3,,
180,4/11/2021 23:05,35,互填问卷,N/A,223.104.66.111(广东-深圳),0,3.00,4,4,50,,50,3,,
181,4/11/2021 23:08,31,互填问卷,N/A,106.121.187.189(北京-北京),1,3.00,4,4,40,,30,4,,
182,4/11/2021 23:15,27,互填问卷,N/A,223.104.189.227(山东-济南),1,2.00,4,3,45,,30,3,,
183,4/11/2021 23:16,29,互填问卷,N/A,220.115.23.112(天津-天津),1,2.00,3,3,25,,35,3,,
184,4/11/2021 23:17,67,互填问卷,N/A,119.4.252.119(四川-成都),0,3.00,4,3,45,,35,2,,
185,4/11/2021 23:17,9,互填问卷,N/A,222.247.166.52(湖南-长沙),0,3.00,3,1,15,,25,2,,
186,4/11/2021 23:17,39,互填问卷,N/A,120.236.163.77(广东-广州),0,3.00,4,3,50,,50,2,,
187,4/11/2021 23:18,43,互填问卷,N/A,223.74.51.1(广东-肇庆),0,3.00,4,3,15,,65,3,,
188,4/11/2021 23:18,68,互填问卷,N/A,223.104.31.169(江西-宜春),0,3.00,4,3,40,,30,2,,
189,4/11/2021 23:19,67,互填问卷,N/A,111.32.123.246(天津-天津),1,2.00,4,3,30,,15,3,,
190,4/11/2021 23:20,51,互填问卷,N/A,223.104.244.83(浙江-杭州),0,3.00,4,3,50,,25,3,,
191,4/11/2021 23:20,56,互填问卷,N/A,223.75.105.87(湖北-恩施),0,3.00,4,3,50,,25,2,,
